date,sum,mean,min,max,count
2020-10-17,1.70007,1.70007,1.70007,1.70007,1
2020-10-18,52.41143,2.495782380952381,1.29742,3.55673,21
2020-10-19,20.89298,2.6116225,2.23694,2.90802,8
2020-10-20,31.89872,2.4537476923076924,1.83429,2.90802,13
2020-10-21,17.60471,2.5149585714285716,1.76718,3.31067,7
2020-10-22,29.50517,2.6822881818181816,2.32641,3.08697,11
2020-10-23,31.4066,2.6172166666666667,1.85666,3.2883,12
2020-10-24,73.63993,2.9455972000000004,2.10272,3.40014,25
2020-10-25,33.5093,2.577638461538462,2.16983,3.19882,13
2020-10-26,15.32302,2.5538366666666668,2.21457,2.88565,6
2020-10-27,2.57248,2.57248,2.57248,2.57248,1
2020-10-28,35.70151,2.5501078571428573,1.72244,3.44488,14
2020-10-29,20.04296,2.50537,1.74481,3.55673,8
2020-10-30,11.56496,2.312992,1.61059,2.90802,5
2020-10-31,29.952560000000002,2.72296,1.99087,3.78042,11
2020-11-01,16.553330000000003,2.7588883333333336,1.81192,4.6752,6
2020-11-02,30.668390000000002,2.555699166666667,1.61059,3.73568,12
2020-11-03,34.85149,2.6808838461538462,1.43164,3.46725,13
2020-11-04,8.67932,2.16983,1.6777,2.57248,4
2020-11-05,28.96833,2.6334845454545457,1.94613,4.7423,11
2020-11-06,35.43306,2.3622039999999997,1.58822,3.91464,15
2020-11-07,74.15444000000001,2.746460740740741,1.87903,3.44488,27
2020-11-08,32.23425,2.6861875000000004,2.03561,3.08697,12
2020-11-09,23.89048,2.389048,1.87903,2.97513,10
2020-11-10,22.637800000000002,2.26378,1.72244,2.72906,10
2020-11-11,81.51393,2.911211785714286,1.58822,4.11596,28
2020-11-12,39.23587,2.8025621428571426,1.92377,3.51199,14
2020-11-13,22.32462,2.480513333333333,1.87903,3.04223,9
2020-11-14,13.86901,2.3115016666666666,1.85666,2.61722,6
2020-11-15,10.26754,2.566885,2.32641,2.95276,4
2020-11-16,64.28954,2.795197391304348,2.14746,3.82516,23
2020-11-17,37.267360000000004,2.661954285714286,2.10272,3.55673,14
2020-11-18,57.757690000000004,2.7503661904761905,1.94613,3.55673,21
2020-11-19,15.5467,3.10934,2.52774,3.78042,5
2020-11-20,18.16392,2.27049,1.47638,2.99749,8
2020-11-21,112.741612,2.8908105641025643,0.984252,3.73568,39
2020-11-22,91.5802,2.86188125,1.14084,4.36203,32
2020-11-23,39.12403,3.009540769230769,2.41589,3.95938,13
2020-11-24,2.63958,2.63958,2.63958,2.63958,1
2020-11-25,75.2729,2.688317857142857,1.52112,4.11596,28
2020-11-26,41.74125,2.608828125,2.1922,3.17645,16
2020-11-27,214.9025,2.4988662790697673,1.25268,3.55673,86
2020-11-28,45.87956,2.8674725,1.85666,4.02649,16
2020-11-29,23.86811,2.6520122222222224,1.85666,3.13171,9
2020-11-30,15.61381,2.602301666666667,2.14746,3.08697,6
2020-12-01,36.12653,2.4084353333333337,1.61059,3.51199,15
2020-12-02,16.91124,2.4158914285714284,1.72244,3.5791,7
2020-12-03,47.26646,2.6259144444444447,1.31979,3.73568,18
2020-12-04,55.58787,2.526721363636364,1.36453,3.48962,22
2020-12-05,71.15695,2.9648729166666663,2.08035,3.84753,24
2020-12-06,53.64174,2.5543685714285713,1.85666,3.48962,21
2020-12-07,31.36186,2.613488333333333,1.83429,3.89227,12
2020-12-08,17.291510000000002,2.4702157142857146,2.10272,2.68432,7
2020-12-09,41.87543,2.7916953333333336,1.63296,4.31729,15
2020-12-10,57.1537,2.5978954545454545,1.65533,3.3554,22
2020-12-11,80.44024,2.773801379310345,1.47638,4.51861,29
2020-12-12,57.064260000000004,2.3776775000000003,1.61059,3.53436,24
2020-12-13,60.53149,2.6318039130434783,1.43164,4.11596,23
2020-12-14,39.99644,2.4997775,1.47638,3.55673,16
2020-12-15,58.22746,2.6467027272727273,1.76718,3.46725,22
2020-12-16,69.90427,2.7961708,1.70007,4.13833,25
2020-12-17,99.70025,2.623690789473684,1.56586,4.04885,38
2020-12-18,78.13619,2.6943513793103446,2.01324,3.42251,29
2020-12-19,14.80851,2.468085,1.6777,3.0646,6
2020-12-20,134.05957,2.6286190196078434,1.0961,3.75805,51
2020-12-21,46.70723,2.747484117647059,1.52112,3.80279,17
2020-12-22,34.35937,2.454240714285714,1.40927,4.00412,14
2020-12-23,41.85309,2.615818125,1.9014,4.58572,16
2020-12-24,79.14283,2.5529945161290324,1.61059,3.2883,31
2020-12-25,59.23408,2.3693632,1.52112,3.73568,25
2020-12-26,28.364340000000002,2.3636950000000003,1.45401,3.17645,12
2020-12-27,52.09828,2.604914,1.81192,3.66858,20
2020-12-28,49.838930000000005,2.623101578947369,2.05798,3.55673,19
2020-12-29,19.43898,2.776997142857143,2.12509,3.37777,7
2020-12-30,21.47458,2.3860644444444445,1.99087,3.04223,9
2020-12-31,75.34002,2.5113339999999997,1.54349,3.91464,30
2021-01-01,18.879730000000002,2.3599662500000003,2.05798,3.15408,8
2021-01-02,48.205980000000004,2.5371568421052633,1.58822,3.0646,19
2021-01-03,31.13814,2.83074,1.83429,3.75805,11
2021-01-04,4.04886,2.02443,1.85666,2.1922,2
2021-01-05,9.283290000000001,2.3208225000000002,2.05798,2.86328,4
2021-01-06,63.23819,2.5295276,1.81192,3.37777,25
2021-01-07,47.2441,2.95275625,2.32641,3.89227,16
2021-01-08,4.63046,2.31523,2.05798,2.57248,2
2021-01-09,13.33215,2.66643,2.25931,3.78042,5
2021-01-10,50.06263,2.5031315,1.63296,3.33304,20
2021-01-11,20.24427,2.53053375,1.81192,3.19882,8
2021-01-12,2.57248,2.57248,2.57248,2.57248,1
2021-01-13,78.04671,2.517635806451613,1.36453,3.55673,31
2021-01-14,7.65033,2.55011,2.50537,2.61722,3
2021-01-15,42.47942,2.498789411764706,1.45401,3.62384,17
2021-01-16,70.66481,2.8265924,1.9014,4.02649,25
2021-01-17,43.17285,2.3984916666666667,1.40927,3.3554,18
2021-01-18,60.3078,2.622078260869565,1.6777,3.55673,23
2021-01-19,30.355220000000003,2.3350169230769233,1.6777,3.15408,13
2021-01-20,48.496790000000004,2.6942661111111113,1.9685,3.69094,18
2021-01-21,9.75304,2.43826,1.83429,3.24356,4
2021-01-22,16.95599,2.422284285714286,1.56586,2.97513,7
2021-01-23,58.160360000000004,2.3264144,1.16321,3.24356,25
2021-01-24,50.86793,2.5433965,1.70007,3.62384,20
2021-01-25,51.13637,2.435065238095238,1.81192,3.40014,21
2021-01-26,4.0936,2.0468,1.87903,2.21457,2
2021-01-27,19.528460000000003,2.4410575000000003,1.81192,2.95276,8
2021-01-28,4.54098,2.27049,1.94613,2.59485,2
2021-01-29,45.85719,2.6974817647058824,1.56586,3.73568,17
2021-01-30,37.28972,2.4859813333333336,1.74481,3.8699,15
2021-01-31,32.27898,2.6899149999999996,1.94613,3.78042,12
2021-02-01,2.32641,2.32641,2.32641,2.32641,1
2021-02-02,84.77992,2.569088484848485,1.85666,3.78042,33
2021-02-03,5.23443,2.617215,2.14746,3.08697,2
2021-02-04,8.45561,2.1139025,1.94613,2.30404,4
2021-02-05,45.40981,2.5227672222222224,1.78955,3.17645,18
2021-02-06,65.11722,2.411748888888889,1.36453,3.15408,27
2021-02-07,54.1786,2.167144,1.3869,3.33304,25
2021-02-08,12.012360000000001,2.4024720000000004,1.72244,2.93039,5
2021-02-09,29.21439,2.6558536363636365,1.87903,3.60147,11
2021-02-10,52.09823,2.4808680952380953,1.58822,3.42251,21
2021-02-11,35.45545,2.532532142857143,1.65533,3.71331,14
2021-02-13,72.83463,2.697578888888889,1.85666,4.40676,27
2021-02-14,45.85719,2.5476216666666667,1.40927,3.19882,18
2021-02-15,41.53989,2.596243125,1.72244,3.3554,16
2021-02-16,31.07103,2.5892525,1.58822,3.51199,12
2021-02-17,84.35487,2.481025588235294,1.34216,3.84753,34
2021-02-18,59.25643,2.4690179166666666,1.74481,3.69094,24
2021-02-19,116.14177000000001,2.5809282222222225,1.74481,3.66858,45
2021-02-20,64.983,2.59932,1.61059,3.24356,25
2021-02-21,84.33249,2.342569166666667,1.29742,3.44488,36
2021-02-22,42.94919,2.684324375,1.87903,3.82516,16
2021-02-23,62.52236,2.5008944,2.01324,3.19882,25
2021-02-24,117.88657,2.741548139534884,1.56586,3.84753,43
2021-02-25,77.08481,2.6580968965517244,1.70007,3.3554,29
2021-02-26,24.42735,2.0356125,1.3869,3.17645,12
2021-02-27,21.96671,2.4407455555555555,1.61059,3.15408,9
2021-02-28,97.15013,2.6256791891891895,2.05798,3.26593,37
2021-03-01,49.77181,2.9277535294117647,1.74481,3.80279,17
2021-03-02,11.16231,2.7905775,2.28168,3.71331,4
2021-03-03,156.8987,2.852703636363636,1.6777,3.89227,55
2021-03-04,17.71653,2.530932857142857,1.6777,3.15408,7
2021-03-05,25.56818,2.840908888888889,2.08035,3.98175,9
2021-03-06,68.38314,2.9731799999999997,1.52112,4.00412,23
2021-03-07,81.53632,2.630203870967742,1.6777,3.78042,31
2021-03-08,57.1761,2.5989136363636365,1.54349,3.40014,22
2021-03-09,57.04189,2.592813181818182,1.56586,3.95938,22
2021-03-10,68.31603,2.5302233333333333,1.74481,3.69094,27
2021-03-11,52.63512,2.631756,2.01324,3.17645,20
2021-03-12,17.67179,2.5245414285714287,2.05798,3.15408,7
2021-03-13,32.34611,2.3104364285714287,1.20795,3.26593,14
2021-03-14,64.58038,2.8078426086956525,1.56586,3.62384,23
2021-03-15,22.033830000000002,2.7542287500000002,2.01324,3.44488,8
2021-03-16,63.61846,2.6507691666666666,1.74481,3.62384,24
2021-03-17,6.39764,2.132546666666667,1.56586,2.68432,3
2021-03-18,30.10917,3.010917,2.1922,3.71331,10
2021-03-19,47.31119,2.7830111764705885,1.9014,3.46725,17
2021-03-20,66.39226,2.7663441666666664,1.65533,3.75805,24
2021-03-21,90.05906,2.729062424242424,1.07373,3.73568,33
2021-03-22,28.588050000000003,2.8588050000000003,2.08035,4.07122,10
2021-03-23,52.54566,2.627283,1.76718,3.60147,20
2021-03-24,24.404980000000002,2.7116644444444447,2.1922,3.37777,9
2021-03-25,30.42235,2.5351958333333333,1.85666,3.31067,12
2021-03-26,35.187020000000004,2.932251666666667,2.37115,3.53436,12
2021-03-27,58.98802,2.808953333333333,1.76718,3.75805,21
2021-03-28,107.08214,2.745695897435897,1.76718,3.95938,39
2021-03-29,55.27469,2.403247391304348,1.65533,3.53436,23
2021-03-30,44.38081,2.9587206666666663,1.81192,3.95938,15
2021-03-31,18.16392,3.02732,2.41589,3.64621,6
2021-04-01,26.6419,2.960211111111111,2.12509,3.44488,9
2021-04-02,44.13475,3.1524821428571426,2.34878,3.91464,14
2021-04-03,103.70437,2.5926092499999998,1.43164,3.42251,40
2021-04-04,98.02254,2.7228483333333333,1.65533,3.46725,36
2021-04-05,49.2126,2.7340333333333335,1.70007,3.48962,18
2021-04-06,82.49825,2.8447672413793104,1.78955,3.93701,29
2021-04-07,48.92179,3.2614526666666666,2.7738,4.20544,15
2021-04-08,69.70295,2.788118,2.05798,3.73568,25
2021-04-09,98.60418,2.6649778378378377,1.61059,3.73568,37
2021-04-10,55.3418,2.76709,1.94613,3.62384,20
2021-04-11,40.17537,2.8696692857142856,1.94613,3.95938,14
2021-04-12,17.26915,2.8781916666666665,2.08035,3.84753,6
2021-04-13,32.45794,2.9507218181818184,2.23694,3.5791,11
2021-04-14,102.25035,3.0073632352941178,2.03561,4.33966,34
2021-04-15,75.04921,2.7796003703703707,1.70007,4.11596,27
2021-04-16,64.20005,2.7913065217391306,1.99087,4.11596,23
2021-04-17,90.73012,2.83531625,1.65533,3.82516,32
2021-04-18,49.70472,2.485236,1.54349,3.31067,20
2021-04-19,25.94846,2.594846,1.74481,3.5791,10
2021-04-20,51.58375,3.034338235294118,2.43826,3.73568,17
2021-04-21,51.27059,3.015917058823529,1.99087,4.1607,17
2021-04-22,25.76951,2.576951,1.78955,3.26593,10
2021-04-23,78.24804,2.8980755555555557,1.70007,3.69094,27
2021-04-24,234.69938,3.048043896103896,1.16321,4.22781,77
2021-04-25,79.07571,3.1630284,2.23694,4.00412,25
2021-04-26,7.76217,2.58739,1.92377,3.40014,3
2021-04-27,43.64262,2.909508,2.12509,4.18307,15
2021-04-28,34.56067,2.468619285714286,1.87903,3.26593,14
2021-04-29,30.9592,2.5799333333333334,1.72244,3.37777,12
2021-04-30,13.91375,2.78275,1.92377,3.93701,5
2021-05-01,113.70346,2.644266511627907,1.31979,3.95938,43
2021-05-02,35.14226,2.9285216666666667,1.76718,3.8699,12
2021-05-03,15.1888,2.5314666666666668,1.83429,3.3554,6
2021-05-04,59.189350000000005,2.5734500000000002,1.83429,3.31067,23
2021-05-05,48.96654,2.577186315789474,2.03561,3.17645,19
2021-05-06,78.58355,3.022444230769231,2.23694,4.00412,26
2021-05-07,41.22673,2.748448666666667,2.16983,4.13833,15
2021-05-08,42.501780000000004,2.6563612500000002,1.99087,3.15408,16
2021-05-09,68.65154,2.4518407142857144,1.23031,3.37777,28
2021-05-10,48.31782,2.6843233333333334,1.87903,3.91464,18
2021-05-11,40.93593,2.729062,2.01324,3.26593,15
2021-05-12,44.00052,2.4444733333333333,1.65533,3.04223,18
2021-05-13,82.83377,2.5101142424242426,1.43164,3.33304,33
2021-05-14,81.44685,2.714895,1.40927,4.29492,30
2021-05-15,135.73731,2.561081320754717,1.65533,3.91464,53
2021-05-16,9.260909999999999,2.3152274999999998,1.6777,2.66195,4
2021-05-17,19.81926,2.4774075,2.16983,2.93039,8
2021-05-18,41.15962,2.9399728571428567,1.47638,3.75805,14
2021-05-19,63.03685,2.521474,1.63296,3.3554,25
2021-05-20,70.82138,2.723899230769231,1.94613,3.26593,26
2021-05-21,58.51824,2.7865828571428573,2.08035,3.8699,21
2021-05-22,69.12133,2.4686189285714284,1.23031,3.53436,28
2021-05-23,36.93184,2.4621226666666667,1.74481,3.24356,15
2021-05-24,53.4628,2.430127272727273,1.31979,3.48962,22
2021-05-25,61.22495,2.7829522727272726,1.6777,3.80279,22
2021-05-26,31.65265,2.434819230769231,1.72244,3.10934,13
2021-05-27,46.70722,2.4582747368421054,1.49875,4.18307,19
2021-05-28,31.89872,2.6582266666666667,1.78955,3.93701,12
2021-05-29,122.3157,2.60246170212766,1.47638,3.66858,47
2021-05-30,73.2373,2.712492592592593,1.58822,4.22781,27
2021-05-31,122.78542,2.612455744680851,1.29742,3.5791,47
2021-06-01,46.8862,2.7580117647058824,1.81192,3.31067,17
2021-06-02,59.39066,2.8281266666666665,1.85666,3.33304,21
2021-06-03,50.487660000000005,2.5243830000000003,1.45401,3.17645,20
2021-06-04,37.33448,3.1112066666666665,1.49875,4.29492,12
2021-06-05,131.57658,2.74117875,1.27505,3.40014,48
2021-06-06,4.71994,2.35997,2.25931,2.46063,2
2021-06-07,45.74534,2.690902352941176,1.9685,3.3554,17
2021-06-08,73.25967,2.441989,1.3869,3.91464,30
2021-06-09,44.71636,2.4842422222222225,1.3869,3.44488,18
2021-06-10,52.34432,2.617216,1.54349,4.25018,20
2021-06-11,103.81622,2.883783888888889,2.03561,4.36203,36
2021-06-12,39.52667,3.040513076923077,1.81192,4.60809,13
2021-06-13,36.95422,2.4636146666666665,1.83429,2.90802,15
2021-06-14,41.67411,2.604631875,2.14746,3.93701,16
2021-06-15,91.55782,2.7744793939393944,1.9014,3.80279,33
2021-06-16,56.505,2.4567391304347828,1.61059,4.11596,23
2021-06-17,36.46208,2.4308053333333333,1.70007,3.24356,15
2021-06-18,66.21332,2.758888333333333,2.12509,3.93701,24
2021-06-19,20.64692,2.580865,2.08035,2.90802,8
2021-06-20,99.70023,2.556416153846154,1.16321,3.91464,39
2021-06-21,114.17322,2.537182666666667,1.58822,3.3554,45
2021-06-22,109.47568,2.6701385365853656,2.10272,3.2883,41
2021-06-23,29.080180000000002,2.4233483333333337,1.61059,3.82516,12
2021-06-24,14.115070000000001,2.352511666666667,1.27505,2.88565,6
2021-06-25,60.08409,2.50350375,1.49875,3.26593,24
2021-06-26,26.99982,2.454529090909091,2.03561,3.17645,11
2021-06-27,36.23838,2.5884557142857143,1.27505,3.24356,14
2021-06-28,35.00804,2.500574285714286,1.72244,3.01986,14
2021-06-29,19.30476,2.7578228571428576,2.30404,3.10934,7
2021-06-30,138.86898,2.6705573076923077,1.63296,3.78042,52
2021-07-01,49.74947,2.7638594444444444,2.08035,3.84753,18
2021-07-02,56.57211,2.4596569565217394,1.63296,3.26593,23
2021-07-03,116.07463,2.90186575,1.72244,3.98175,40
2021-07-04,184.05516,3.1195789830508476,2.23694,4.00412,59
2021-07-05,62.85794,2.7329539130434783,1.40927,4.00412,23
2021-07-06,29.0578,2.6416181818181816,1.61059,3.98175,11
2021-07-07,21.81012,2.726265,1.58822,3.3554,8
2021-07-08,68.02523000000001,2.6163550000000004,1.9014,3.22119,26
2021-07-09,63.03685,2.6265354166666666,1.34216,3.60147,24
2021-07-10,43.06102,2.69131375,1.70007,3.42251,16
2021-07-11,38.83321,2.588880666666667,2.05798,3.40014,15
2021-07-12,40.9583,2.7305533333333334,2.03561,3.75805,15
2021-07-13,6.26342,3.13171,3.10934,3.15408,2
2021-07-14,17.13494,2.8558233333333334,1.92377,3.2883,6
2021-07-15,23.01807,2.5575633333333334,2.1922,2.81854,9
2021-07-16,27.80511,2.5277372727272724,1.76718,3.3554,11
2021-07-17,47.71386,2.806697647058823,1.81192,3.31067,17
2021-07-18,86.45755,2.7017984375,1.9685,3.64621,32
2021-07-19,26.35112,2.9279022222222224,2.16983,3.84753,9
2021-07-20,21.76538,2.7206725,1.65533,3.44488,8
2021-07-21,28.63277,2.602979090909091,1.70007,3.19882,11
2021-07-22,31.63027,2.6358558333333333,1.3869,3.66858,12
2021-07-23,45.92431,2.5513505555555556,1.63296,3.31067,18
2021-07-24,47.80334,2.5159652631578946,1.76718,3.98175,19
2021-07-25,48.31782,2.415891,1.65533,3.51199,20
2021-07-26,21.13906,2.3487844444444446,1.76718,3.13171,9
2021-07-27,10.08858,2.522145,1.49875,3.3554,4
2021-07-28,19.3495,2.7642142857142855,2.1922,3.19882,7
2021-07-29,59.770942,2.9885471,0.984252,3.75805,20
2021-07-30,64.35664,2.4752553846153846,1.72244,3.60147,26
2021-07-31,211.56947,2.5490297590361446,1.40927,4.56335,83
2021-08-01,72.67806,2.3444535483870967,1.07373,3.15408,31
2021-08-02,33.21852,2.555270769230769,1.87903,3.42251,13
2021-08-03,25.16554,2.796171111111111,1.76718,3.53436,9
2021-08-04,23.91285,2.98910625,2.34878,3.22119,8
2021-08-05,32.8606,2.5277384615384615,1.74481,3.15408,13
2021-08-06,24.651040000000002,2.739004444444445,1.81192,3.3554,9
2021-08-07,84.60095,2.5636651515151514,1.34216,3.40014,33
2021-08-08,61.806560000000005,2.4722624,1.47638,3.60147,25
2021-08-09,24.337870000000002,2.433787,1.58822,3.33304,10
2021-08-10,20.69165,2.58645625,1.99087,3.24356,8
2021-08-11,66.61595,3.027997727272727,2.01324,3.84753,22
2021-08-12,12.907119999999999,2.5814239999999997,1.63296,3.04223,5
2021-08-13,54.022,2.5724761904761904,1.6777,3.44488,21
2021-08-14,114.35217,2.4859167391304346,1.61059,3.5791,46
2021-08-15,15.41249,2.2017842857142855,1.76718,2.59485,7
2021-08-16,62.27631,2.830741363636364,1.43164,3.89227,22
2021-08-17,27.84987,2.784987,1.74481,3.64621,10
2021-08-18,97.37385,2.8639367647058824,1.74481,3.55673,34
2021-08-19,95.09216,2.5700583783783784,1.6777,3.53436,37
2021-08-20,107.0374,2.8167736842105264,1.85666,3.82516,38
2021-08-21,225.61738,2.400184893617021,1.65533,3.42251,94
2021-08-22,69.5687,2.3189566666666668,1.65533,3.19882,30
2021-08-23,27.91694,2.3264116666666665,1.94613,2.70669,12
2021-08-24,56.90766,2.474246086956522,1.70007,4.29492,23
2021-08-25,229.82286,2.6723588372093023,1.43164,3.55673,86
2021-08-26,136.83338,2.631411153846154,1.76718,4.13833,52
2021-08-27,193.83054,2.730007605633803,1.31979,4.3844,71
2021-08-28,199.49005,2.6248690789473685,1.16321,3.46725,76
2021-08-29,238.2337,2.7383183908045976,1.40927,3.80279,87
2021-08-30,126.61058,2.637720416666667,1.74481,3.51199,48
2021-08-31,144.57315,2.891463,1.70007,3.8699,50
2021-09-01,97.66466,2.7129072222222224,1.45401,4.27255,36
2021-09-02,108.24536,2.640130731707317,1.54349,3.64621,41
2021-09-03,177.45618,2.9091177049180326,1.63296,3.84753,61
2021-09-04,113.86005,2.7770743902439023,1.63296,3.60147,41
2021-09-05,171.90858,2.818173442622951,1.81192,3.8699,61
2021-09-06,126.07368,2.572932244897959,1.47638,3.55673,49
2021-09-07,140.50195,2.8673867346938775,1.58822,3.69094,49
2021-09-08,161.37258,2.7822858620689654,1.94613,3.53436,58
2021-09-10,88.62741,2.8589487096774193,1.9685,3.75805,31
2021-09-11,16.37437,2.3391957142857143,1.85666,2.72906,7
2021-09-12,232.26109,2.7007103488372093,1.6777,3.89227,86
2021-09-13,271.63118000000003,2.7163118,1.07373,3.78042,100
2021-09-14,137.45974,2.9246753191489363,2.01324,3.64621,47
2021-09-15,144.88636,2.8409090196078433,1.43164,3.69094,51
2021-09-16,126.07374,2.7407334782608697,1.61059,3.66858,46
2021-09-17,152.76037,2.68000649122807,1.85666,3.46725,57
2021-09-18,193.91998,2.731267323943662,1.61059,3.95938,71
2021-09-19,128.64619,2.737152978723404,1.6777,3.60147,47
2021-09-20,153.99068,2.7498335714285713,1.58822,4.09359,56
2021-09-21,132.78453,2.8866202173913043,1.9685,3.5791,46
2021-09-22,187.34343,2.92724109375,1.92377,3.71331,64
2021-09-23,141.50859,2.8879304081632653,1.63296,4.29492,49
2021-09-24,172.44543000000002,2.8269742622950824,1.83429,3.5791,61
2021-09-25,131.03975,2.7299947916666665,1.70007,3.3554,48
2021-09-26,233.44664,2.846910243902439,1.78955,3.5791,82
2021-09-27,121.5775,2.701722222222222,1.74481,3.51199,45
2021-09-28,159.42641,2.7487312068965517,2.10272,4.11596,58
2021-09-29,179.51411000000002,2.4590973972602743,1.58822,3.73568,73
2021-09-30,131.01732,2.6738228571428575,1.99087,3.42251,49
2021-10-01,324.69131,2.7990630172413793,1.18558,3.82516,116
2021-10-02,216.06569000000002,2.700821125,1.78955,3.48962,80
2021-10-03,182.6235,2.7670227272727272,2.03561,3.69094,66
2021-10-04,143.74551,2.8749102,1.63296,4.09359,50
2021-10-05,129.18307000000001,2.5836614000000004,1.76718,3.22119,50
2021-10-06,151.53005,2.8061120370370367,1.92377,3.44488,54
2021-10-07,137.72816,2.700552156862745,1.72244,3.46725,51
2021-10-08,61.76182,2.6852965217391302,1.94613,3.33304,23
2021-10-09,24.02469,2.0020575,1.14084,2.84091,12
2021-10-10,76.65976,2.3956175,1.34216,3.3554,32
2021-10-11,74.55706,2.5709331034482763,1.27505,3.42251,29
2021-10-12,213.04583,2.663072875,1.94613,3.2883,80
2021-10-13,143.49948,2.8137152941176473,1.92377,3.53436,51
2021-10-14,153.43147,2.6005333898305083,1.92377,3.22119,59
2021-10-15,187.36579,2.715446231884058,2.03561,3.53436,69
2021-10-16,161.23835,2.643251639344262,1.83429,3.19882,61
2021-10-17,177.34433,2.7283743076923077,1.74481,3.60147,65
2021-10-18,118.89316,2.7649572093023256,1.74481,3.60147,43
2021-10-19,47.62436,2.645797777777778,1.81192,3.22119,18
2021-10-20,159.69487,2.6179486885245904,1.45401,3.3554,61
2021-10-21,158.86722,2.787144210526316,1.47638,3.91464,57
2021-10-22,153.31966,2.7378510714285715,1.20795,3.53436,56
2021-10-23,88.85113,2.7765978125,1.9685,3.8699,32
2021-10-24,18.141550000000002,2.5916500000000005,2.05798,3.10934,7
2021-10-25,226.06477,2.691247261904762,1.43164,3.69094,84
2021-10-26,99.63316,2.6219252631578946,1.94613,3.48962,38
2021-10-27,175.19681,2.5028115714285715,1.61059,3.44488,70
2021-10-28,148.46547,2.6046573684210528,1.65533,3.8699,57
2021-10-29,114.44164,2.6009463636363637,1.58822,3.5791,44
2021-10-30,104.06227,2.7384807894736842,1.70007,3.84753,38
2021-10-31,174.66003,2.7723814285714288,1.85666,3.53436,63
2021-11-01,88.58267000000001,2.952755666666667,2.16983,3.69094,30
2021-11-02,106.27682,2.7967584210526315,2.03561,3.53436,38
2021-11-03,162.91609,2.808898103448276,1.92377,3.69094,58
2021-11-04,138.62290000000002,2.61552641509434,1.63296,3.42251,53
2021-11-05,96.38958,2.8349876470588233,2.12509,3.95938,34
2021-11-06,4.58572,2.29286,1.85666,2.72906,2
2021-11-07,70.39636,2.707552307692308,1.27505,3.42251,26
2021-11-08,179.26803,2.8914198387096777,1.58822,3.48962,62
2021-11-09,128.60147,2.736201489361702,1.6777,3.69094,47
2021-11-10,165.13061,2.8470794827586205,2.08035,3.5791,58
2021-11-11,139.62953,2.7925905999999996,1.94613,3.51199,50
2021-11-12,144.12576,2.771649230769231,1.87903,3.15408,52
2021-11-13,164.75035,2.941970535714286,1.85666,3.82516,56
2021-11-14,31.78686,2.8897145454545456,2.52774,3.5791,11
2021-11-15,116.34308,2.908577,1.94613,3.66858,40
2021-11-16,65.27381,2.9669913636363634,2.21457,3.55673,22
2021-11-17,86.5247,2.7911193548387097,2.12509,3.48962,31
2021-11-18,172.73619,2.7860675806451614,1.63296,3.46725,62
2021-11-19,197.00698,2.6622564864864864,1.76718,3.3554,74
2021-11-20,224.05157,2.5174333707865166,1.45401,4.11596,89
2021-11-21,247.71837,2.663638387096774,1.31979,4.02649,93
2021-11-22,182.60114000000002,2.6853108823529412,1.54349,4.04885,68
2021-11-23,165.2425,2.5421923076923076,1.6777,3.19882,65
2021-11-24,191.14622,2.618441369863014,1.6777,3.80279,73
2021-11-25,117.14833,2.5467028260869564,1.94613,3.01986,46
2021-11-26,112.38371000000001,2.4431241304347826,1.61059,3.26593,46
2021-11-27,79.5678,2.5667032258064517,1.65533,3.37777,31
2021-11-28,94.93556,2.7922223529411765,1.36453,4.02649,34
2021-11-29,144.90873,2.6834949999999997,1.58822,3.84753,54
2021-11-30,105.33733000000001,2.7009571794871796,2.01324,3.31067,39
2021-12-01,222.68703,2.7492225925925924,1.76718,3.42251,81
2021-12-02,187.992115,2.764589926470588,0.894775,3.8699,68
2021-12-03,133.34379,2.614584117647059,1.16321,3.48962,51
2021-12-04,26.59717,2.045936153846154,1.72244,2.483,13
2021-12-05,79.00861,2.4690190625,1.87903,3.75805,32
2021-12-06,86.68129,2.6267057575757575,1.92377,3.10934,33
2021-12-07,101.66875,2.6754934210526318,1.72244,3.46725,38
2021-12-08,89.45508,2.885647741935484,1.56586,3.60147,31
2021-12-09,80.77575,2.6925250000000003,1.20795,3.42251,30
2021-12-10,146.87726,2.771269056603774,1.81192,3.69094,53
2021-12-11,143.92448,2.8784896,2.12509,3.55673,50
2021-12-12,117.43915,2.864369512195122,1.76718,3.53436,41
2021-12-13,97.35145,2.8632779411764706,2.16983,3.42251,34
2021-12-14,99.56603,2.7657230555555556,2.10272,3.5791,36
2021-12-15,40.86882,2.724588,2.34878,3.42251,15
2021-12-16,56.326080000000005,2.816304,2.483,3.31067,20
2021-12-17,123.88153,2.8809658139534884,2.08035,3.8699,43
2021-12-18,104.93467,2.836072162162162,1.99087,3.64621,37
2021-12-19,59.48012,2.832386666666667,1.9685,3.82516,21
2021-12-20,8.679310000000001,2.893103333333334,2.39352,3.24356,3
2021-12-21,29.9302,2.720927272727273,1.99087,3.51199,11
2021-12-22,82.69958,3.180753076923077,1.87903,4.02649,26
2021-12-23,60.06174,2.8600828571428574,1.9014,3.89227,21
2021-12-24,56.54974,2.827487,1.94613,4.49624,20
2021-12-25,48.2731,3.01706875,2.28168,3.84753,16
2021-12-26,72.36492,2.783266153846154,1.85666,3.33304,26
2021-12-27,15.79275,2.2561071428571426,1.23031,2.79617,7
2021-12-28,185.19599,2.5026485135135133,1.70007,3.22119,74
2021-12-29,20.24429,2.53053625,1.74481,3.22119,8
2021-12-30,19.75215,3.292025,2.86328,4.00412,6
2021-12-31,100.66216,2.796171111111111,2.10272,3.62384,36
2022-01-01,13.690050000000001,2.2816750000000003,1.74481,2.61722,6
2022-01-02,84.01937,2.8006456666666666,1.9014,4.02649,30
2022-01-03,16.12831,3.225662,2.68432,4.25018,5
2022-01-05,28.85649,2.623317272727273,1.81192,3.22119,11
2022-01-06,19.01397,2.7162814285714285,1.83429,3.60147,7
2022-01-07,25.25501,3.15687625,2.55011,3.62384,8
2022-01-08,78.31517000000001,2.237576285714286,1.56586,3.42251,35
2022-01-09,36.618660000000006,2.8168200000000003,2.05798,4.3844,13
2022-01-10,15.323,2.5538333333333334,1.6777,2.99749,6
2022-01-11,11.229420000000001,2.8073550000000003,2.05798,3.73568,4
2022-01-12,44.13472,2.5961600000000002,1.76718,3.44488,17
2022-01-13,73.39387,2.7182914814814816,1.43164,4.18307,27
2022-01-14,8.8359,2.208975,1.76718,2.52774,4
2022-01-15,58.67482,2.6670372727272724,1.72244,3.22119,22
2022-01-16,103.03332,2.64188,1.58822,3.0646,39
2022-01-17,110.86258000000001,2.7715645,1.85666,3.53436,40
2022-01-18,47.64675,2.8027499999999996,2.12509,3.26593,17
2022-01-19,54.06676,2.5746076190476193,2.03561,3.15408,21
2022-01-20,52.70219,2.7737994736842104,1.72244,3.3554,19
2022-01-21,48.40732,2.847489411764706,1.81192,3.42251,17
2022-01-22,43.62026,2.9080173333333335,1.6777,3.82516,15
2022-01-23,70.86613,2.8346451999999998,2.03561,3.51199,25
2022-01-24,32.950070000000004,2.353576428571429,1.72244,3.95938,14
2022-01-25,38.67664,2.5784426666666667,1.92377,3.19882,15
2022-01-26,39.52668,2.4704175,1.74481,3.5791,16
2022-01-27,34.04618,3.095107272727273,1.92377,4.22781,11
2022-01-28,53.104870000000005,2.5288033333333337,1.81192,4.87652,21
2022-01-29,50.37581,2.7986561111111112,1.85666,3.69094,18
2022-01-30,39.0569,2.6037933333333334,1.18558,3.44488,15
2022-01-31,66.41465,2.767277083333333,1.81192,3.53436,24
2022-02-01,126.18556,2.8041235555555555,1.74481,3.42251,45
2022-02-02,78.98621,2.8209360714285716,2.01324,3.5791,28
2022-02-03,49.54813,2.752673888888889,1.70007,3.42251,18
2022-02-04,18.94686,2.7066942857142857,2.25931,3.33304,7
2022-02-05,70.4635,2.7101346153846153,1.65533,3.37777,26
2022-02-06,72.34252,3.145326956521739,2.12509,3.71331,23
2022-02-07,55.76682,2.788341,2.14746,3.69094,20
2022-02-08,90.12617,2.8164428125,1.9014,3.84753,32
2022-02-09,94.66714,2.7843276470588236,1.16321,3.53436,34
2022-02-10,103.16747,2.8657630555555555,1.70007,3.62384,36
2022-02-11,96.23299,2.8303820588235293,1.99087,3.37777,34
2022-02-12,44.35845,2.772403125,1.49875,3.2883,16
2022-02-13,82.02843,2.828566551724138,1.45401,3.5791,29
2022-02-14,67.46602,3.212667619047619,1.20795,3.84753,21
2022-02-15,60.77756,3.038878,2.10272,3.62384,20
2022-02-16,82.94561,2.860193448275862,1.52112,3.73568,29
2022-02-17,124.88814,2.6018362500000003,1.78955,3.71331,48
2022-02-18,95.20403,2.800118529411765,1.76718,3.53436,34
2022-02-19,24.9642,2.49642,1.83429,3.53436,10
2022-02-20,73.01362,2.281675625,1.20795,3.95938,32
2022-02-21,24.42735,3.05341875,2.05798,3.89227,8
2022-02-22,70.93325,2.728201923076923,1.58822,3.62384,26
2022-02-23,51.40479,2.7055152631578947,1.29742,3.46725,19
2022-02-24,57.26556,2.863278,1.78955,3.5791,20
2022-02-25,67.73445,2.7093779999999996,2.21457,3.37777,25
2022-02-26,23.75626,2.6395844444444445,1.99087,3.17645,9
2022-02-27,9.28328,3.0944266666666667,2.7738,3.42251,3
2022-02-28,51.33769,3.208605625,2.70669,3.64621,16
2022-03-01,61.67234,3.083617,2.52774,3.69094,20
2022-03-02,135.26754,3.074262272727273,1.99087,3.60147,44
2022-03-03,97.91068,2.966990303030303,1.9685,3.69094,33
2022-03-04,64.75932,2.943605454545455,1.87903,3.91464,22
2022-03-05,32.01057,2.9100518181818185,2.41589,3.17645,11
2022-03-06,65.83305,2.8623065217391304,1.31979,3.95938,23
2022-03-07,179.33522,2.988920333333333,1.78955,3.82516,60
2022-03-08,6.88976,3.44488,3.3554,3.53436,2
2022-03-11,72.63333,2.7935896153846156,2.03561,3.69094,26
2022-03-12,150.74711,2.512451833333333,1.6777,3.66858,60
2022-03-13,80.03758,3.2015032000000003,1.3869,3.98175,25
2022-03-14,126.65537,2.8785311363636366,1.43164,3.51199,44
2022-03-15,5.2568,2.6284,2.41589,2.84091,2
2022-04-07,12.01235,3.0030875,2.50537,3.26593,4
2022-04-08,135.51362,3.0798550000000002,2.25931,3.78042,44
2022-04-12,107.17163,3.062046571428571,2.23694,3.62384,35
2022-04-13,98.78309,2.905385,1.56586,3.40014,34
2022-04-14,127.77386,2.97148511627907,1.45401,3.75805,43
2022-04-15,65.11722,2.83118347826087,1.76718,3.37777,23
2022-04-16,66.01199,2.5389226923076924,1.6777,3.37777,26
2022-04-17,50.19685,2.952755882352941,2.12509,3.53436,17
2022-04-18,183.76429,3.012529344262295,1.34216,3.73568,61
2022-04-20,41.80834,2.98631,2.08035,3.73568,14
2022-04-21,104.66622,2.9073949999999997,1.9685,3.53436,36
2022-04-22,172.87041,3.1430983636363634,1.63296,4.13833,55
2022-04-23,218.81712000000002,2.486558181818182,1.56586,3.2883,88
2022-04-24,147.90623,3.2153528260869564,2.16983,3.95938,46
2022-04-25,91.80387,2.9614151612903226,1.87903,3.66858,31
2022-04-26,54.69307,3.0385038888888887,2.41589,3.71331,18
2022-04-27,53.66409,3.1567111764705884,2.16983,4.6752,17
2022-04-28,63.14871,3.0070814285714285,2.16983,3.80279,21
2022-04-29,52.098240000000004,2.894346666666667,2.10272,3.78042,18
2022-04-30,78.87438,2.9212733333333336,1.40927,3.60147,27
2022-05-01,89.1419,2.6218205882352943,1.9685,3.95938,34
2022-05-02,38.72137,2.765812142857143,1.92377,3.19882,14
2022-05-03,58.04851,2.9024255,2.37115,3.42251,20
2022-05-04,93.39209,2.8300633333333334,2.05798,3.78042,33
2022-05-05,8.00823,2.6694099999999996,1.9014,3.10934,3
2022-05-07,56.21421,3.1230116666666667,2.79617,3.62384,18
2022-05-08,78.87439,2.8169425,1.76718,3.42251,28
2022-05-09,165.89118,3.072058888888889,2.16983,3.75805,54
2022-05-10,50.7337,2.818538888888889,1.45401,3.89227,18
2022-05-11,87.66555,2.922185,2.25931,3.48962,30
2022-05-12,99.02916,3.0008836363636364,2.25931,3.69094,33
2022-05-13,81.02185,3.0008092592592592,2.34878,3.46725,27
2022-05-17,5.88314,2.94157,2.81854,3.0646,2
2022-05-18,145.42323,3.161374565217391,1.9014,4.54098,46
2022-05-19,48.54153,2.6967516666666667,1.74481,3.22119,18
2022-05-20,140.88226,2.515754642857143,1.47638,3.91464,56
2022-05-21,178.48514,2.7888303125,1.70007,4.47387,64
2022-05-22,181.39314000000002,2.3867518421052636,1.49875,3.40014,76
2022-05-23,81.17843,2.6186590322580647,1.29742,3.5791,31
2022-05-24,158.24088,2.6373480000000002,1.85666,3.80279,60
2022-05-25,88.85111,2.7765971875,1.81192,3.53436,32
2022-05-26,62.92504,2.6218766666666666,1.87903,3.22119,24
2022-05-27,145.33377000000002,2.595245892857143,1.36453,3.69094,56
2022-05-28,296.01372000000003,2.4875102521008405,1.34216,3.75805,119
2022-05-29,303.21669,2.7316818918918924,1.34216,3.78042,111
2022-05-30,62.92503,2.7358708695652174,1.78955,3.91464,23
2022-05-31,147.92858,2.55049275862069,1.65533,3.66858,58
2022-06-01,43.15049,2.8766993333333333,2.30404,3.40014,15
2022-06-05,174.74952,2.608201791044776,1.47638,3.37777,67
2022-06-06,245.88403,2.7627419101123594,1.81192,3.62384,89
2022-06-07,107.97693,2.9993591666666664,1.92377,3.64621,36
2022-06-08,69.21083,2.563364074074074,1.83429,3.73568,27
2022-06-09,82.16268,2.8331958620689655,1.70007,3.33304,29
2022-06-10,134.2609,2.8566148936170213,1.70007,4.1607,47
2022-06-11,283.33039,2.7243306730769232,1.58822,3.64621,104
2022-06-12,77.97958,2.9992146153846155,1.87903,3.91464,26
2022-06-13,121.71171,2.6459067391304347,1.0961,3.69094,46
2022-06-14,110.99682,2.920968947368421,1.70007,3.55673,38
2022-06-15,47.08753,2.478291052631579,1.92377,3.51199,19
2022-06-16,100.81874,2.8805354285714286,2.03561,3.64621,35
2022-06-17,38.56478,2.41029875,1.29742,4.02649,16
2022-06-18,227.5636,2.556894382022472,1.49875,4.02649,89
2022-06-19,69.38975,2.8912395833333338,1.99087,3.53436,24
2022-06-20,14.6743,2.4457166666666668,2.03561,2.86328,6
2022-06-21,88.56029,2.9520096666666666,2.1922,3.53436,30
2022-06-22,60.50913,2.52121375,1.54349,3.5791,24
2022-06-23,134.46225,2.923092391304348,2.01324,3.73568,46
2022-06-24,36.68577,2.445718,1.92377,3.19882,15
2022-06-25,318.13707,2.6292319834710742,1.54349,4.18307,121
2022-06-26,28.76699,2.876699,1.31979,3.78042,10
2022-06-27,135.22277,2.8171410416666665,1.94613,4.13833,48
2022-06-28,158.57643000000002,2.8832078181818184,1.9685,3.46725,55
2022-06-29,52.92588,2.52028,1.9685,3.17645,21
2022-06-30,97.64228,2.8718317647058824,1.99087,3.46725,34
2022-07-01,45.9243,2.5513500000000002,1.6777,3.55673,18
2022-07-02,178.61936,2.7479901538461537,1.87903,3.5791,65
2022-07-03,156.18288,2.692808275862069,1.52112,3.66858,58
2022-07-04,213.67218,3.096698260869565,1.63296,3.82516,69
2022-07-05,15.92699,2.654498333333333,2.14746,3.64621,6
2022-07-06,113.09949,3.056742972972973,2.41589,3.5791,37
2022-07-07,162.8937,2.7609101694915252,1.76718,3.53436,59
2022-07-08,54.62598,2.375042608695652,1.29742,3.2883,23
2022-07-09,237.94294,2.5046625263157893,1.34216,3.75805,95
2022-07-10,24.38261,2.438261,1.6777,2.93039,10
2022-07-11,147.32462,2.8887180392156866,1.72244,3.62384,51
2022-07-12,116.14172,2.903543,1.85666,3.46725,40
2022-07-13,40.68986,2.3935211764705886,1.14084,3.51199,17
2022-07-14,142.31389000000001,2.9648727083333335,2.10272,3.84753,48
2022-07-15,171.41644,2.678381875,1.23031,4.27255,64
2022-07-16,198.28203,2.5750912987012984,1.61059,3.62384,77
2022-07-17,46.550650000000005,2.450034210526316,1.6777,3.31067,19
2022-07-18,117.52861,2.866551463414634,2.08035,3.40014,41
2022-07-19,148.35366,2.908895294117647,1.87903,3.69094,51
2022-07-20,24.09179,2.409179,1.76718,2.84091,10
2022-07-21,94.37633,2.8598887878787878,1.9685,3.42251,33
2022-07-22,89.41036,2.2925733333333334,1.31979,3.22119,39
2022-07-23,91.44594000000001,2.8576856250000002,1.72244,3.66858,32
2022-07-24,16.75465,2.393521428571429,1.3869,2.99749,7
2022-07-25,107.57424,2.830901052631579,2.05798,3.51199,38
2022-07-26,155.08679,3.1017358,1.72244,4.18307,50
2022-07-27,43.933440000000004,2.5843200000000004,1.72244,3.24356,17
2022-07-28,140.59143,2.756694705882353,1.43164,3.53436,51
2022-07-29,82.81135,2.671333870967742,1.16321,3.73568,31
2022-07-30,83.43771000000001,2.3839345714285716,1.81192,2.97513,35
2022-07-31,64.46848,2.6861866666666665,1.70007,3.42251,24
2022-08-01,118.15496,2.8132133333333336,1.9685,3.46725,42
2022-08-02,116.56678000000001,2.8430921951219514,2.03561,3.31067,41
2022-08-03,15.14406,2.52401,2.08035,2.7738,6
2022-08-04,159.94097,2.961869814814815,1.72244,3.91464,54
2022-08-05,25.81424,2.581424,2.05798,3.33304,10
2022-08-06,118.57998,2.8921946341463416,1.78955,3.93701,41
2022-08-07,39.32532,2.8089514285714285,1.9685,3.42251,14
2022-08-08,98.98444,2.749567777777778,1.31979,3.80279,36
2022-08-09,122.38275,2.913875,2.08035,3.40014,42
2022-08-10,38.56479,2.7546278571428573,2.1922,3.71331,14
2022-08-11,149.71817,3.0554728571428567,1.58822,3.8699,49
2022-08-12,2.01324,2.01324,2.01324,2.01324,1
2022-08-13,198.50571,2.3916350602409637,1.36453,3.5791,83
2022-08-14,109.07301,3.029805833333333,1.65533,4.25018,36
2022-08-15,93.97369,2.9366778125,1.99087,3.53436,32
2022-08-16,113.9943,2.9229307692307693,1.36453,3.51199,39
2022-08-17,55.18521,2.7592605,1.9685,3.2883,20
2022-08-18,180.11812,2.9527560655737703,1.9685,3.75805,61
2022-08-19,48.138870000000004,2.5336247368421057,1.58822,3.22119,19
2022-08-20,81.58107,2.266140833333333,1.43164,3.5791,36
2022-08-21,11.00573,2.7514325,2.46063,3.2883,4
2022-08-22,31.58555,2.4296576923076922,1.36453,3.37777,13
2022-08-23,48.42968,2.848804705882353,2.01324,3.64621,17
2022-08-24,42.68075,2.667546875,2.14746,3.0646,16
2022-08-25,19.26002,2.4075025,1.9685,2.79617,8
2022-08-26,95.74092,2.2795457142857143,1.47638,3.24356,42
2022-08-27,50.577130000000004,2.408434761904762,1.3869,3.26593,21
2022-08-28,31.04867,2.8226063636363636,2.41589,3.24356,11
2022-08-29,9.86489,2.4662225,2.08035,2.93039,4
2022-08-30,86.61419000000001,2.794006129032258,2.23694,3.73568,31
2022-08-31,223.51468,2.829299746835443,1.56586,3.93701,79
2022-09-01,123.47886,2.806337727272727,1.58822,3.62384,44
2022-09-02,164.28066,2.986921090909091,1.81192,3.8699,55
2022-09-03,65.40804,2.725335,1.65533,3.42251,24
2022-09-04,228.3017,2.5943375,1.58822,3.48962,88
2022-09-05,32.72638,2.517413846153846,1.63296,3.44488,13
2022-09-06,80.93234,2.7907703448275862,1.61059,3.78042,29
2022-09-07,157.97245,2.8209366071428574,1.65533,3.82516,56
2022-09-08,180.94579,2.872155396825397,1.34216,3.60147,63
2022-09-09,154.39334,2.913081886792453,2.10272,3.55673,53
2022-09-10,130.95028,2.8467452173913044,1.47638,3.66858,46
2022-09-11,135.15568,2.599147692307692,1.27505,3.69094,52
2022-09-12,79.65728,2.6552426666666666,1.76718,3.42251,30
2022-09-13,96.92645,2.619633783783784,1.61059,3.8699,37
2022-09-14,124.23946000000001,2.436067843137255,1.49875,3.40014,51
2022-09-15,141.53093,2.721748653846154,1.61059,3.60147,52
2022-09-16,131.80028,2.8042612765957444,1.63296,3.80279,47
2022-09-17,142.38099,2.3730165,1.18558,3.62384,60
2022-09-18,19.41662,2.4270775,1.47638,3.13171,8
2022-09-19,58.98802,2.808953333333333,1.76718,3.44488,21
2022-09-20,95.71852,2.734814857142857,1.49875,3.80279,35
2022-09-21,101.7135,2.676671052631579,1.65533,3.40014,38
2022-09-22,104.93464,2.7614378947368423,1.0961,3.80279,38
2022-09-23,93.48158000000001,2.832775151515152,1.9685,3.53436,33
2022-09-24,171.90857,2.865142833333333,1.81192,4.13833,60
2022-09-25,69.30028,2.566677037037037,1.25268,3.64621,27
2022-09-26,107.4624,2.5586285714285717,1.16321,3.48962,42
2022-09-27,115.31405000000001,2.402376041666667,1.18558,3.26593,48
2022-09-28,120.19057000000001,2.452868775510204,1.45401,3.48962,49
2022-09-29,66.07908,2.4473733333333336,1.43164,3.60147,27
2022-09-30,94.13027,2.0917837777777777,1.14084,3.26593,45
2022-10-01,88.49319,2.681611818181818,1.76718,3.71331,33
2022-10-02,44.268995000000004,2.329947105263158,0.894775,3.33304,19
2022-10-03,115.44828,2.509745217391304,1.14084,3.64621,46
2022-10-04,75.02686,2.5008953333333332,1.70007,3.26593,30
2022-10-05,130.30151,2.714614791666667,1.3869,3.5791,48
2022-10-06,196.17929,2.6510714864864866,1.45401,3.64621,74
2022-10-07,195.62006,2.7169452777777776,1.65533,3.73568,72
2022-10-08,38.69899,2.418686875,1.56586,3.55673,16
2022-10-09,125.22372,2.159029655172414,1.47638,2.88565,58
2022-10-10,119.96689,2.665930888888889,1.29742,3.60147,45
2022-10-11,36.50679,2.8082146153846157,1.9685,3.24356,13
2022-10-12,65.27378,2.7197408333333333,1.56586,3.55673,24
2022-10-13,65.13958,2.6055832,1.81192,3.44488,25
2022-10-14,111.55602,2.594326046511628,1.54349,3.93701,43
2022-10-15,46.48353,2.3241765,1.54349,2.99749,20
2022-10-16,98.11201,2.581895,1.74481,3.37777,38
2022-10-17,124.39602000000001,2.646723829787234,1.25268,3.2883,47
2022-10-18,41.42804,2.5892525,1.87903,3.37777,16
2022-10-19,78.60593,2.7105493103448275,1.81192,3.73568,29
2022-10-20,119.78795000000001,2.495582291666667,1.78955,3.37777,48
2022-10-21,77.97962,2.6889524137931033,1.72244,3.55673,29
2022-10-22,126.07372000000001,2.6265358333333335,1.58822,3.78042,48
2022-10-23,35.70151,2.3801006666666664,1.25268,2.90802,15
2022-10-24,122.65124,2.7255831111111113,1.94613,3.64621,45
2022-10-25,66.95153,2.4796862962962964,1.70007,3.33304,27
2022-10-26,45.20848,2.6593223529411767,2.01324,3.51199,17
2022-10-27,102.04901,2.7580813513513514,1.78955,3.71331,37
2022-10-28,155.80262,2.832774909090909,1.94613,3.64621,55
2022-10-29,140.61377,2.869668775510204,1.63296,4.54098,49
2022-10-30,115.02326000000001,2.738649047619048,1.74481,3.51199,42
2022-10-31,91.60256,2.86258,1.99087,3.62384,32
2022-11-01,114.64298,2.7295947619047616,1.31979,3.73568,42
2022-11-02,52.99303,2.944057222222222,1.34216,3.5791,18
2022-11-03,98.49228000000001,2.735896666666667,1.54349,3.80279,36
2022-11-04,124.70922,2.8343004545454544,1.49875,3.91464,44
2022-11-05,131.73317,2.6346634,1.6777,3.51199,50
2022-11-06,59.83803,2.7199104545454547,1.81192,4.04885,22
2022-11-07,58.58537,2.6629713636363634,1.49875,3.60147,22
2022-11-08,32.0553,2.671275,1.61059,3.42251,12
2022-11-09,112.920563,2.6885848333333335,0.939513,4.00412,42
2022-11-10,126.87904,2.8836145454545457,1.61059,3.60147,44
2022-11-11,115.02326000000001,2.8755815,1.70007,3.80279,40
2022-11-12,146.25087,2.4375145,1.31979,3.69094,60
2022-11-13,82.40875,2.6583467741935483,1.40927,3.55673,31
2022-11-14,62.25396,2.593915,1.47638,3.82516,24
2022-11-15,126.74479000000001,2.6966976595744683,1.65533,4.04885,47
2022-11-16,117.84181000000001,2.6782229545454546,1.52112,3.62384,44
2022-11-17,72.45434,2.786705384615385,1.58822,3.64621,26
2022-11-18,86.23388,2.6131478787878786,1.52112,3.73568,33
2022-11-19,117.55098,2.7337437209302324,1.3869,3.60147,43
2022-11-20,89.16428,2.622478823529412,1.56586,3.51199,34
2022-11-21,158.28563,2.682807288135593,1.43164,3.69094,59
2022-11-22,81.51398,2.6294832258064518,1.25268,3.69094,31
2022-11-23,63.01449,2.6256037500000002,1.72244,3.73568,24
2022-11-24,27.46958,2.1130446153846156,1.27505,2.95276,13
2022-11-25,403.83415,2.4928033950617285,1.3869,3.3554,162
2022-11-26,18.23102,2.025668888888889,1.34216,2.55011,9
2022-11-27,49.45865,2.4729324999999998,1.78955,3.19882,20
2022-11-28,131.03971,2.8486893478260873,1.3869,3.75805,46
2022-11-29,115.56014,2.68744511627907,1.56586,3.53436,43
2022-11-30,99.61078,2.621336315789474,1.45401,3.42251,38
2022-12-01,108.46904,2.5825961904761905,1.29742,3.53436,42
2022-12-02,52.79169,2.51389,1.54349,3.46725,21
2022-12-03,68.51736,2.7406943999999998,1.52112,3.91464,25
2022-12-04,99.74498,2.624867894736842,1.47638,3.95938,38
2022-12-05,95.4501,2.3280512195121954,1.54349,3.53436,41
2022-12-06,68.45026,2.7380104,1.47638,3.62384,25
2022-12-07,141.10594,2.9397070833333334,1.47638,3.73568,48
2022-12-08,98.80549,2.823014,1.87903,3.42251,35
2022-12-09,102.83199,2.5080973170731706,1.63296,3.42251,41
2022-12-10,84.64567,2.6451771875,1.45401,3.37777,32
2022-12-11,76.10055,2.3781421875,1.20795,3.2883,32
2022-12-12,157.61456,2.6714332203389834,1.47638,3.53436,59
2022-12-13,123.68019,2.9447664285714286,1.49875,3.82516,42
2022-12-14,48.809960000000004,2.7116644444444447,1.52112,3.66858,18
2022-12-15,15.0322,2.5053666666666667,2.03561,2.99749,6
2022-12-16,79.18754,2.6395846666666665,1.85666,3.42251,30
2022-12-17,41.22672,2.9447657142857144,1.94613,3.44488,14
2022-12-18,60.01702,2.7280463636363637,1.85666,3.31067,22
2022-12-19,78.00196,2.6000653333333332,1.3869,3.33304,30
2022-12-20,205.8205,2.7813581081081082,1.65533,3.71331,74
2022-12-21,209.7799,2.5274686746987953,1.16321,3.66858,83
2022-12-22,132.3819,2.5458057692307694,1.58822,3.62384,52
2022-12-24,4.36203,2.181015,1.74481,2.61722,2
2022-12-25,8.99249,2.2481225,1.81192,2.61722,4
2022-12-26,33.911970000000004,2.4222835714285718,1.99087,3.98175,14
2022-12-27,54.87205,2.8880026315789475,1.78955,3.71331,19
2022-12-28,181.61687,2.6708363235294117,1.56586,3.60147,68
2022-12-29,64.46851,2.223052068965517,1.40927,3.82516,29
2022-12-30,33.10665,2.3647607142857145,2.01324,2.81854,14
2022-12-31,113.65875,2.418271276595745,1.49875,3.2883,47
2023-01-01,68.42787,2.280929,1.14084,3.40014,30
2023-01-02,247.60647,2.427514411764706,1.63296,3.19882,102
2023-01-03,357.93219,2.5566584999999997,1.07373,3.44488,140
2023-01-04,303.46277000000003,2.467176991869919,1.31979,3.31067,123
2023-01-05,220.33824,2.623074285714286,1.47638,3.51199,84
2023-01-06,124.0605,2.6395851063829787,1.9014,3.62384,47
2023-01-07,130.57,2.9675,1.27505,4.18307,44
2023-01-08,214.65644,2.824426842105263,1.56586,4.11596,76
2023-01-09,52.50088,2.625044,1.9685,3.42251,20
2023-01-10,22.25751,2.225751,1.34216,3.08697,10
2023-01-11,48.58623,2.1124447826086956,1.31979,3.51199,23
2023-01-12,32.07765,2.1385099999999997,1.72244,2.79617,15
2023-01-13,85.02596,2.361832222222222,1.40927,3.66858,36
2023-01-14,39.86221,2.6574806666666664,1.72244,3.82516,15
2023-01-15,181.30367,2.4836119178082194,1.29742,3.78042,73
2023-01-16,75.27289999999999,2.895111538461538,1.9685,4.02649,26
2023-01-17,78.00197,2.5161925806451615,1.6777,3.40014,31
2023-01-18,87.82212,2.74444125,1.45401,3.82516,32
2023-01-19,62.67893,2.6116220833333332,1.43164,3.42251,24
2023-01-20,66.0791,2.753295833333333,1.9014,3.64621,24
2023-01-21,68.11468,2.432667142857143,1.61059,3.24356,28
2023-01-22,61.26967,2.917603333333333,2.34878,3.80279,21
2023-01-23,135.89391,2.6133444230769234,1.65533,3.48962,52
2023-01-24,96.68038,2.4789841025641026,1.52112,3.26593,39
2023-01-25,31.29474,2.4072876923076922,1.58822,3.51199,13
2023-01-26,76.41375000000001,2.464959677419355,1.29742,3.5791,31
2023-01-27,62.7237,2.727117391304348,1.99087,3.44488,23
2023-01-28,64.73696,2.4898830769230766,1.56586,3.33304,26
2023-01-29,57.44451,3.191361666666667,2.21457,3.82516,18
2023-01-30,149.38262,2.6207477192982456,1.3869,3.60147,57
2023-01-31,81.51397,2.397469705882353,1.58822,3.01986,34
2023-02-01,46.14799,2.5637772222222224,1.70007,3.55673,18
2023-02-02,112.71921,2.621376976744186,1.02899,3.60147,43
2023-02-03,96.14352,2.670653333333333,1.43164,3.5791,36
2023-02-04,48.22834,2.8369611764705884,1.9014,3.69094,17
2023-02-05,67.84628000000001,2.609472307692308,1.34216,3.69094,26
2023-02-06,66.14621,2.7560920833333333,2.03561,3.73568,24
2023-02-07,168.48604,2.955895438596491,1.70007,4.13833,57
2023-02-08,86.905,2.71578125,2.01324,3.55673,32
2023-02-09,170.0072,2.615495384615385,1.54349,3.69094,65
2023-02-10,59.077490000000004,2.4615620833333334,1.14084,3.31067,24
2023-02-11,51.292950000000005,2.4425214285714287,1.94613,2.93039,21
2023-02-12,9.61883,1.923766,1.47638,2.46063,5
2023-02-13,78.31513,2.610504333333333,1.45401,3.37777,30
2023-02-14,80.23895,2.4314833333333334,1.23031,3.33304,33
2023-02-15,46.192730000000005,2.431196315789474,1.40927,3.66858,19
2023-02-16,102.87673000000001,2.637864871794872,1.72244,3.8699,39
2023-02-17,109.47567000000001,2.6065635714285715,1.34216,3.37777,42
2023-02-18,103.25697,2.7172886842105264,1.72244,3.78042,38
2023-02-19,58.49586,3.0787294736842106,1.99087,4.00412,19
2023-02-20,130.6818,2.666975510204082,1.3869,3.8699,49
2023-02-21,47.8257,2.517142105263158,1.6777,3.46725,19
2023-02-22,53.03778,2.6518889999999997,1.85666,3.44488,20
2023-02-23,51.67325,2.5836625,1.81192,3.69094,20
2023-02-24,192.46601,2.8303825000000002,1.85666,3.84753,68
2023-02-25,12.593960000000001,2.5187920000000004,1.54349,3.46725,5
2023-02-26,147.03385,2.5795412280701755,1.3869,3.78042,57
2023-02-27,79.41121,2.7383175862068962,1.65533,3.73568,29
2023-02-28,98.40282,2.5895478947368424,1.54349,4.3844,38
2023-03-01,12.05709,2.4114180000000003,1.92377,2.68432,5
2023-03-02,42.83732,2.5198423529411764,1.40927,3.73568,17
2023-03-03,77.15195,2.5717316666666665,1.40927,3.95938,30
2023-03-04,5.90551,1.9685033333333333,1.81192,2.10272,3
2023-03-05,102.54116,2.563529,1.72244,3.53436,40
2023-03-06,85.78653,2.859551,1.87903,3.69094,30
2023-03-07,32.18953,2.926320909090909,2.25931,3.2883,11
2023-03-08,33.01717,2.7514308333333335,2.21457,3.51199,12
2023-03-09,66.86202,2.907044347826087,2.1922,3.73568,23
2023-03-10,77.86772,2.88398962962963,1.6777,3.69094,27
2023-03-11,2.68432,2.68432,2.68432,2.68432,1
2023-03-12,128.19883000000002,2.3308878181818184,1.54349,3.48962,55
2023-03-13,52.7246,2.774978947368421,1.92377,3.84753,19
2023-03-14,25.74714,2.574714,1.45401,3.3554,10
2023-03-15,55.18523,3.065846111111111,2.08035,3.89227,18
2023-03-16,9.46224,1.892448,1.6777,2.12509,5
2023-03-17,127.03561,3.17589025,1.9685,4.13833,40
2023-03-18,150.97086,2.9602129411764704,1.58822,3.75805,51
2023-03-19,80.05995,2.7606879310344827,1.78955,3.78042,29
2023-03-20,52.45613,2.6228065000000003,1.76718,3.71331,20
2023-03-21,75.29529000000001,2.6891175000000005,1.81192,3.2883,28
2023-03-22,27.89459,2.789459,2.30404,3.15408,10
2023-03-23,49.92843,2.7738016666666665,1.83429,3.73568,18
2023-03-24,37.28972,2.6635514285714286,1.9685,3.26593,14
2023-03-25,40.19776,2.679850666666667,1.9014,3.60147,15
2023-03-26,14.38352,2.876704,2.28168,3.60147,5
2023-03-27,17.91786,2.98631,2.66195,3.55673,6
2023-03-28,30.39996,2.53333,1.70007,3.10934,12
2023-03-29,79.16516,2.827327142857143,1.56586,3.78042,28
2023-03-30,155.39995,2.6338974576271186,1.25268,3.84753,59
2023-03-31,95.49479,2.6526330555555555,1.58822,3.48962,36
2023-04-01,158.82245,2.5209912698412698,1.40927,3.78042,63
2023-04-02,111.91394,2.6026497674418603,1.52112,4.07122,43
2023-04-03,47.44542,2.96533875,1.85666,3.62384,16
2023-04-04,108.67037,2.937037027027027,1.52112,3.8699,37
2023-04-05,60.531510000000004,2.631804782608696,1.9014,3.33304,23
2023-04-06,56.68397,2.6992366666666667,1.76718,3.60147,21
2023-04-07,182.17612,2.679060588235294,1.43164,3.64621,68
2023-04-08,106.81371,2.60521243902439,1.36453,3.69094,41
2023-04-09,31.24999,2.4038453846153844,1.74481,2.97513,13
2023-04-10,84.89173,2.9273010344827584,1.43164,3.84753,29
2023-04-11,84.53383,2.726897741935484,1.65533,3.55673,31
2023-04-12,123.07622,2.735027111111111,1.40927,3.3554,45
2023-04-13,80.88759,2.995836666666667,1.94613,3.84753,27
2023-04-14,191.86202,2.907000303030303,1.72244,3.82516,66
2023-04-15,211.94974,2.8641856756756754,1.58822,3.5791,74
2023-04-16,136.0952,2.5202814814814816,1.58822,3.33304,54
2023-04-17,6.4871099999999995,3.2435549999999997,2.99749,3.48962,2
2023-04-18,77.35327,3.0941308,2.03561,4.00412,25
2023-04-19,138.95851,2.8358879591836734,1.85666,3.73568,49
2023-04-20,128.86989,2.8637753333333333,1.27505,3.80279,45
2023-04-21,151.08266,2.962405098039216,1.70007,3.78042,51
2023-04-22,138.82425,2.6696971153846154,1.14084,3.62384,52
2023-04-23,60.08412,2.6123530434782607,1.72244,3.5791,23
2023-04-24,26.3735,2.397590909090909,1.52112,2.93039,11
2023-04-25,45.16376,2.6566917647058825,1.99087,3.80279,17
2023-04-26,120.21295,2.671398888888889,1.76718,3.42251,45
2023-04-27,48.87708,2.572477894736842,1.92377,3.13171,19
2023-04-28,270.35609,2.650549901960784,1.27505,3.66858,102
2023-04-29,150.07604,2.679929285714286,1.27505,3.48962,56
2023-04-30,137.14655,2.8572197916666666,1.74481,3.73568,48
2023-05-01,71.64908,2.755733846153846,1.85666,3.8699,26
2023-05-02,52.4338,2.62169,1.78955,3.2883,20
2023-05-03,287.84895,2.7414185714285715,1.31979,3.82516,105
2023-05-04,104.21887000000001,2.6054717500000004,1.63296,3.66858,40
2023-05-05,132.8069,2.329945614035088,1.49875,3.78042,57
2023-05-06,49.48105,2.4740525,1.47638,3.37777,20
2023-05-07,53.70883,2.33516652173913,1.52112,3.31067,23
2023-05-08,58.473530000000004,2.542327391304348,1.43164,3.33304,23
2023-05-09,2.34878,2.34878,2.34878,2.34878,1
2023-05-10,123.03148,2.674597391304348,1.45401,3.8699,46
2023-05-11,49.63763,2.612506842105263,1.65533,3.51199,19
2023-05-12,246.01825,2.827795977011494,1.72244,3.89227,87
2023-05-13,117.48389,2.732183488372093,1.58822,3.60147,43
2023-05-14,52.79169,2.6395845000000002,1.72244,3.98175,20
2023-05-15,158.46458,2.9345292592592593,1.94613,3.64621,54
2023-05-16,266.41912,2.7465888659793816,1.3869,3.80279,97
2023-05-17,98.20148,3.06879625,1.49875,3.75805,32
2023-05-18,20.13243,2.51655375,1.85666,2.99749,8
2023-05-19,9.61882,2.404705,2.14746,2.99749,4
2023-05-20,115.85093,2.364304693877551,1.49875,3.10934,49
2023-05-21,256.46475,2.5392549504950495,1.56586,3.89227,101
2023-05-22,144.28238,2.829066274509804,1.76718,3.93701,51
2023-05-23,48.72046,2.865909411764706,1.92377,3.44488,17
2023-05-24,68.04761,2.520281851851852,2.10272,2.97513,27
2023-05-25,76.369,2.8284814814814814,1.87903,3.55673,27
2023-05-26,91.4907,2.4727216216216217,1.76718,3.44488,37
2023-05-27,142.47046,2.544115357142857,1.76718,4.00412,56
2023-05-28,154.34859,2.6611825862068965,1.54349,3.53436,58
2023-05-29,10.87151,2.174302,1.65533,2.52774,5
2023-05-30,75.67555,2.3648609375,1.63296,3.75805,32
2023-05-31,37.62529,2.351580625,1.34216,3.2883,16
2023-06-01,13.33214,2.2220233333333335,1.76718,2.483,6
2023-06-02,111.71261,2.5979676744186047,1.52112,3.33304,43
2023-06-03,132.24769,2.4045034545454547,1.63296,3.73568,55
2023-06-04,27.15641,2.715641,2.16983,3.64621,10
2023-06-05,69.25553000000001,2.663674230769231,1.92377,3.62384,26
2023-06-06,206.06659,2.902346338028169,1.58822,4.04885,71
2023-06-07,135.46884,2.6562517647058823,1.45401,3.53436,51
2023-06-08,198.48336,2.8765704347826087,2.03561,3.71331,69
2023-06-09,135.71494,2.8875519148936175,1.07373,3.60147,47
2023-06-10,113.01001000000001,2.7563417073170733,2.05798,3.78042,41
2023-06-11,119.38525,2.9118353658536584,2.01324,3.66858,41
2023-06-12,58.51826,2.5442721739130434,1.43164,3.5791,23
2023-06-13,44.62689,2.9751260000000004,1.9685,3.53436,15
2023-06-14,4.65283,2.326415,2.12509,2.52774,2
2023-06-15,75.74268000000001,2.611816551724138,1.76718,3.66858,29
2023-06-16,1.99087,1.99087,1.99087,1.99087,1
2023-06-17,42.74786,2.8498573333333335,1.70007,3.46725,15
2023-06-18,50.7561,2.6713736842105265,2.10272,3.60147,19
2023-06-19,57.6906,2.747171428571429,2.05798,3.40014,21
2023-06-20,83.61665,2.533837878787879,1.40927,3.48962,33
2023-06-21,152.62614,2.935118076923077,1.76718,3.51199,52
2023-06-22,96.6804,2.8435411764705885,1.85666,3.44488,34
2023-06-23,90.73013,2.9267783870967743,1.92377,3.44488,31
2023-06-24,144.72979,2.6314507272727274,1.40927,3.69094,55
2023-06-25,20.28901,2.8984300000000003,2.16983,3.31067,7
2023-06-26,69.68056,2.903356666666667,2.25931,3.3554,24
2023-06-27,129.65283,2.8185397826086955,1.65533,3.82516,46
2023-06-28,77.19669,2.757024642857143,2.05798,3.31067,28
2023-06-29,119.25107,2.8393111904761903,1.52112,3.62384,42
2023-06-30,121.82355,2.537990625,1.11847,3.31067,48
2023-07-01,247.53939,2.4753939,1.6777,3.71331,100
2023-07-02,242.237832,2.3518236116504854,0.984252,3.31067,103
2023-07-03,60.50913,2.6308317391304348,1.72244,3.66858,23
2023-07-04,103.05567,2.342174318181818,1.43164,2.99749,44
2023-07-05,70.6872,2.9453,1.78955,3.66858,24
2023-07-06,81.71533000000001,2.3347237142857145,1.45401,3.22119,35
2023-07-07,29.59467,2.6904245454545457,1.81192,3.24356,11
2023-07-08,172.42307,2.736874126984127,1.34216,3.82516,63
2023-07-09,245.30245,2.3815771844660194,1.29742,3.98175,103
2023-07-10,25.85897,2.585897,1.9014,3.3554,10
2023-07-11,40.33197,2.520748125,1.9014,3.10934,16
2023-07-12,33.50932,2.3935228571428575,1.6777,3.10934,14
2023-07-13,77.55457,2.6742955172413794,1.6777,3.2883,29
2023-07-14,48.02703,2.5277384210526317,1.78955,3.17645,19
2023-07-15,161.50682,2.647652786885246,1.23031,4.22781,61
2023-07-16,94.21981,2.546481351351351,1.40927,3.62384,37
2023-07-17,127.37115,2.83047,2.08035,3.42251,45
2023-07-18,211.12204,2.8530005405405405,1.72244,3.75805,74
2023-07-19,117.26021,2.93150525,2.01324,3.55673,40
2023-07-20,130.07783,2.8906184444444447,1.54349,3.5791,45
2023-07-21,332.07323,2.6997823577235773,1.54349,3.5791,123
2023-07-22,96.23301000000001,2.673139166666667,1.40927,3.73568,36
2023-07-23,110.37047,2.75926175,1.43164,3.62384,40
2023-07-24,100.34899,2.951440882352941,1.76718,3.60147,34
2023-07-25,95.29350000000001,2.5755000000000003,1.07373,3.31067,37
2023-07-26,106.18736,2.5899356097560977,1.74481,3.31067,41
2023-07-27,174.81657,2.7748661904761907,1.49875,3.60147,63
2023-07-28,176.02449000000001,2.7503826562500002,2.01324,3.31067,64
2023-07-29,214.07479,2.8543305333333335,1.81192,3.60147,75
2023-07-30,219.62243,2.614552738095238,1.36453,3.84753,84
2023-07-31,82.36398,2.8401372413793102,1.9014,3.60147,29
2023-08-01,80.21655,2.864876785714286,1.78955,3.98175,28
2023-08-02,144.70741,2.679766851851852,1.94613,3.40014,54
2023-08-03,55.76683,2.534855909090909,1.56586,3.66858,22
2023-08-04,175.55472,2.6202197014925375,1.65533,4.18307,67
2023-08-05,125.5145,2.127364406779661,1.36453,3.37777,59
2023-08-06,153.65515,2.743841964285714,1.40927,4.20544,56
2023-08-07,153.47619,2.74064625,1.70007,3.98175,56
2023-08-08,218.52631,2.913684133333333,1.43164,4.33966,75
2023-08-09,208.37064,2.8158194594594597,1.72244,3.55673,74
2023-08-10,141.59808,2.889756734693878,1.70007,4.00412,49
2023-08-11,205.4402,2.776218918918919,1.31979,3.80279,74
2023-08-12,120.19058,2.670901777777778,1.49875,3.48962,45
2023-08-13,109.96781,2.682141707317073,1.85666,3.42251,41
2023-08-14,97.86598000000001,2.174799555555556,1.05136,3.5791,45
2023-08-15,163.67661,2.4070089705882354,1.61059,4.36203,68
2023-08-16,64.06584000000001,2.2880657142857146,0.71582,3.93701,28
2023-08-17,78.91911,2.545777741935484,1.52112,3.48962,31
2023-08-18,83.19166,2.248423243243243,1.36453,3.0646,37
2023-08-19,220.91983000000002,2.3012482291666667,1.0961,3.01986,96
2023-08-20,180.36419,2.1471927380952383,1.34216,2.88565,84
2023-08-21,447.16356,2.3912489839572193,1.20795,3.13171,187
2023-08-22,269.61796,2.3650698245614032,1.23031,3.33304,114
2023-08-23,192.89103,2.323988313253012,1.49875,3.48962,83
2023-08-24,279.39335,2.5399395454545455,1.49875,3.53436,110
2023-08-25,255.92788000000002,2.509096862745098,1.25268,3.17645,102
2023-08-26,150.34446,2.4646632786885245,1.27505,3.37777,61
2023-08-27,138.44400000000002,2.472214285714286,1.58822,3.37777,56
2023-08-28,153.18540000000002,2.596362711864407,1.63296,3.42251,59
2023-08-29,243.42339,2.410132574257426,1.52112,3.80279,101
2023-08-30,196.71618,2.4589522500000003,1.49875,3.44488,80
2023-08-31,194.34501,2.5912668,1.63296,3.75805,75
2023-09-01,143.94684,2.5704792857142857,1.6777,4.07122,56
2023-09-02,245.34719,2.610076489361702,1.0961,3.73568,94
2023-09-03,332.14026,2.744960826446281,1.52112,4.40676,121
2023-09-04,89.5893,2.8899774193548384,1.94613,3.95938,31
2023-09-05,148.59964,2.607011228070175,1.05136,4.83178,57
2023-09-06,269.34947,2.6406810784313723,1.16321,4.33966,102
2023-09-07,220.13693,2.71773987654321,1.49875,3.5791,81
2023-09-08,81.82713,2.9223974999999998,2.03561,4.22781,28
2023-09-09,196.47012,2.7671847887323944,1.16321,4.00412,71
2023-09-10,127.12509,2.825002,1.76718,4.49624,45
2023-09-11,126.20793,2.7436506521739132,1.49875,4.18307,46
2023-09-12,108.42429,2.71060725,1.36453,3.80279,40
2023-09-13,76.45851,2.831796666666667,1.94613,3.53436,27
2023-09-14,115.42591,2.959638717948718,2.10272,3.66858,39
2023-09-15,44.26896,2.76681,1.63296,3.46725,16
2023-09-16,125.26845,2.7837433333333332,1.70007,3.60147,45
2023-09-17,110.77307,2.9150807894736843,2.10272,3.73568,38
2023-09-18,33.75538,2.5965676923076924,1.9685,3.2883,13
2023-09-19,66.59361,2.895374347826087,1.92377,3.78042,23
2023-09-20,125.26842,2.913219069767442,1.70007,3.80279,43
2023-09-21,146.13902000000002,2.75734,2.01324,3.71331,53
2023-09-22,145.80351,3.0375731249999998,1.94613,3.80279,48
2023-09-23,26.50771,2.945301111111111,2.1922,3.71331,9
2023-09-24,24.69578,2.7439755555555556,1.9685,3.31067,9
2023-09-25,27.49195,2.749195,2.10272,3.80279,10
2023-09-26,107.90981000000001,2.9164813513513517,1.70007,4.18307,37
2023-09-27,122.18146,2.656118695652174,1.92377,3.31067,46
2023-09-28,28.99069,2.230053076923077,1.29742,3.31067,13
2023-09-29,56.88529,2.8442645,1.36453,3.75805,20
2023-09-30,16.15068,2.69178,1.92377,3.22119,6
2023-10-01,96.81461,2.6892947222222223,1.76718,3.2883,36
2023-10-02,42.81497,2.8543313333333336,2.32641,3.48962,15
2023-10-03,98.13437,2.886305,1.74481,3.8699,34
2023-10-04,128.60145,2.795683695652174,1.78955,3.78042,46
2023-10-05,92.69864,2.8968325,1.36453,3.8699,32
2023-10-06,98.78315,2.8223757142857147,1.54349,3.69094,35
2023-10-07,180.63262,2.3458781818181818,1.25268,3.51199,77
2023-10-08,170.58876,2.7077580952380953,1.43164,3.55673,63
2023-10-09,49.50339,2.357304285714286,1.58822,3.0646,21
2023-10-10,65.29616,2.968007272727273,2.10272,3.64621,22
2023-10-11,75.9887,3.039548,1.49875,4.04885,25
2023-10-12,52.41144,2.758496842105263,2.01324,3.2883,19
2023-10-13,41.78597,2.9847121428571426,1.43164,3.71331,14
2023-10-14,124.91052,2.838875454545455,1.81192,3.53436,44
2023-10-15,41.83071,2.788714,1.58822,3.66858,15
2023-10-16,90.26039,2.9116254838709676,1.85666,3.80279,31
2023-10-17,79.14284,3.043955384615385,1.81192,3.73568,26
2023-10-18,43.68737,2.730460625,2.03561,3.5791,16
2023-10-19,60.21833,3.0109165,2.52774,3.60147,20
2023-10-20,28.16303,2.5602754545454545,1.63296,3.33304,11
2023-10-21,21.87723,2.73465375,1.94613,3.46725,8
2023-10-22,136.83337,3.0407415555555555,1.43164,4.07122,45
2023-10-23,110.14675,2.8985986842105262,1.58822,3.73568,38
2023-10-24,94.24212,3.0400683870967744,2.14746,3.48962,31
2023-10-25,87.79977,2.8322506451612903,2.34878,3.40014,31
2023-10-26,90.37223,2.9152332258064515,1.61059,3.62384,31
2023-10-27,129.40678,2.9410631818181816,1.9014,3.80279,44
2023-10-28,146.09428,2.8095053846153846,1.65533,3.42251,52
2023-10-29,21.51933,3.07419,2.55011,3.69094,7
2023-10-30,62.92501,2.6218754166666667,1.29742,3.55673,24
2023-10-31,71.9846,2.6660962962962964,1.43164,3.46725,27
2023-11-01,66.30279,2.6521116,1.49875,3.71331,25
2023-11-02,108.67037,2.527217906976744,1.45401,3.40014,43
2023-11-03,22.30224,2.4780266666666666,1.3869,3.71331,9
2023-11-04,186.11308,2.6972910144927535,1.61059,3.48962,69
2023-11-05,96.81462,2.847488823529412,1.74481,3.53436,34
2023-11-06,45.14139,2.507855,1.56586,3.31067,18
2023-11-07,91.82623,2.8695696875,1.63296,4.4515,32
2023-11-08,89.18665,2.8769887096774194,1.47638,3.60147,31
2023-11-09,38.76613,2.5844086666666666,1.56586,3.55673,15
2023-11-10,201.88354,2.4033754761904764,1.45401,3.93701,84
2023-11-11,116.32071,2.3738920408163264,1.25268,3.78042,49
2023-11-12,112.29418,2.495426222222222,1.70007,4.09359,45
2023-11-13,113.45741,2.9091643589743588,1.54349,3.84753,39
2023-11-14,84.91412,2.9280731034482756,1.81192,3.93701,29
2023-11-15,63.529,2.762130434782609,1.94613,3.93701,23
2023-11-16,100.81875,2.965257352941176,1.20795,3.98175,34
2023-11-17,47.355940000000004,2.785643529411765,1.58822,3.51199,17
2023-11-18,144.97585,2.6359245454545457,1.23031,3.48962,55
2023-11-19,219.51058,2.4122041758241757,1.07373,3.73568,91
2023-11-20,379.47391,2.5991363698630137,1.23031,3.89227,146
2023-11-21,134.26091,2.7971022916666666,1.78955,3.69094,48
2023-11-22,287.89371,2.3597845081967215,1.47638,3.46725,122
2023-11-23,47.40068,2.370034,1.58822,3.08697,20
2023-11-24,377.32646,2.358290375,1.18558,3.89227,160
2023-11-25,144.43895,2.5792669642857144,1.43164,3.75805,56
2023-11-26,41.36094,2.757396,1.58822,3.40014,15
2023-11-27,90.43934,2.826229375,1.36453,3.78042,32
2023-11-28,66.79493,2.6717972,1.49875,3.89227,25
2023-11-29,68.06998,2.959564347826087,1.85666,3.80279,23
2023-11-30,33.129020000000004,2.3663585714285715,1.27505,3.08697,14
2023-12-01,68.13707,2.7254828,1.94613,3.62384,25
2023-12-04,94.82374,2.633992777777778,1.6777,3.93701,36
2023-12-05,44.5374,2.4743,1.31979,3.55673,18
2023-12-06,21.74302,3.1061457142857143,2.66195,3.55673,7
2023-12-07,106.23212,2.871138378378378,1.27505,3.64621,37
2023-12-08,42.38994,2.8259960000000004,2.25931,3.37777,15
2023-12-09,68.65159,3.120526818181818,2.32641,3.62384,22
2023-12-11,24.76288,2.751431111111111,1.65533,3.22119,9
2023-12-12,35.29886,2.9415716666666665,1.81192,3.78042,12
2023-12-13,11.408380000000001,2.281676,1.49875,3.37777,5
2023-12-14,62.63422,2.84701,1.65533,3.64621,22
2023-12-15,102.65301,2.932943142857143,1.54349,3.82516,35
2023-12-16,132.7622,2.7658791666666667,1.65533,3.64621,48
2023-12-17,168.10577,2.367686901408451,1.07373,3.64621,71
2023-12-18,65.78831,2.5303196153846153,1.63296,3.17645,26
2023-12-19,41.40569,2.7603793333333333,1.94613,3.8699,15
2023-12-20,118.42342,2.754033023255814,1.34216,3.69094,43
2023-12-21,92.85521,2.4435581578947367,1.27505,3.98175,38
2023-12-22,175.73372,2.584319411764706,1.65533,4.47387,68
2023-12-23,117.41682,2.3962616326530615,1.47638,3.48962,49
2023-12-24,164.8622,2.3220028169014086,1.3869,3.82516,71
2023-12-25,303.775926,2.3367378923076925,0.850036,3.8699,130
2023-12-26,127.10273000000001,2.3537542592592593,1.20795,3.3554,54
2023-12-27,223.71602000000001,2.5714485057471266,1.05136,4.71994,87
2023-12-28,142.5376,2.4158915254237288,1.3869,3.3554,59
2023-12-29,260.49128,2.4119562962962964,1.31979,3.69094,108
2023-12-30,244.74321,2.287319719626168,1.16321,3.95938,107
2023-12-31,127.41591,2.654498125,1.40927,3.95938,48
2024-01-01,75.38473,2.2843857575757576,1.31979,2.84091,33
2024-01-02,124.91054,2.4982108,1.31979,3.95938,50
2024-01-03,92.45257000000001,2.7191932352941177,1.87903,3.69094,34
2024-01-04,77.82302,2.51042,1.56586,3.66858,31
2024-01-05,85.7865,2.5231323529411767,1.56586,3.40014,34
2024-01-06,94.86846,2.5640124324324325,1.29742,3.8699,37
2024-01-07,229.75577,2.610861022727273,1.54349,3.98175,88
2024-01-08,58.24982,2.5326008695652176,1.23031,3.40014,23
2024-01-09,112.2047,2.5501068181818183,1.31979,3.42251,44
2024-01-10,89.16429000000001,2.3464286842105264,1.49875,3.04223,38
2024-01-11,90.08142000000001,2.8150443750000003,2.01324,3.71331,32
2024-01-12,47.06516,2.614731111111111,1.63296,3.24356,18
2024-01-13,125.78295,2.4189028846153846,1.29742,4.29492,52
2024-01-14,197.96887,2.356772261904762,1.18558,3.73568,84
2024-01-15,109.90066,2.442236888888889,1.29742,3.3554,45
2024-01-16,66.43701,2.5552696153846153,1.81192,4.18307,26
2024-01-17,59.97226,2.9986129999999998,2.12509,3.93701,20
2024-01-18,106.5229,3.0435114285714286,1.63296,4.00412,35
2024-01-19,68.71871,2.5451374074074073,1.74481,3.15408,27
2024-01-20,94.35398,2.7751170588235294,1.27505,3.71331,34
2024-01-21,31.42895,2.857177272727273,1.9014,3.48962,11
2024-01-22,51.60614,2.7161126315789477,2.01324,3.60147,19
2024-01-23,90.68539,2.9253351612903224,1.70007,3.69094,31
2024-01-24,49.90604,2.7725577777777777,1.34216,3.80279,18
2024-01-25,129.541,2.944113636363636,1.81192,3.69094,44
2024-01-26,62.052620000000005,2.5855258333333335,1.74481,3.37777,24
2024-01-27,289.57141,2.8957141,1.25268,4.47387,100
2024-01-28,77.59933,2.984589615384615,1.72244,4.02649,26
2024-01-29,144.50606,3.0105429166666666,1.76718,3.91464,48
2024-01-30,57.42215,2.7343880952380952,1.78955,3.60147,21
2024-01-31,98.60413,2.5948455263157895,1.29742,3.64621,38
2024-02-01,71.38065,2.855226,2.1922,3.46725,25
2024-02-02,84.28776,2.8095920000000003,1.65533,3.78042,30
2024-02-03,137.86241,2.46182875,1.40927,3.84753,56
2024-02-04,52.23247,2.7490773684210525,1.40927,3.91464,19
2024-02-05,30.71315,2.7921045454545452,2.08035,3.46725,11
2024-02-06,75.11631,3.0046524,1.87903,3.69094,25
2024-02-07,115.35881,2.7466383333333333,1.40927,3.55673,42
2024-02-08,105.31497,2.700383846153846,1.9014,3.64621,39
2024-02-09,137.88475,2.997494565217391,1.56586,3.98175,46
2024-02-10,188.573723,2.8571776212121214,0.939513,3.48962,66
2024-02-11,24.0247,2.40247,1.6777,3.37777,10
2024-02-12,78.80727,2.7174920689655173,1.92377,3.33304,29
2024-02-13,125.73821,2.924144418604651,2.03561,3.51199,43
2024-02-14,60.57623,2.633749130434783,1.61059,3.40014,23
2024-02-15,62.3658,2.9698,2.05798,3.48962,21
2024-02-16,120.86171,2.5179522916666666,1.36453,3.48962,48
2024-02-17,57.2656,2.386066666666667,1.56586,3.19882,24
2024-02-18,21.94434,2.194434,1.49875,3.40014,10
2024-02-19,9.4175,1.8835000000000002,1.3869,2.32641,5
2024-02-20,112.56263,3.0422332432432433,1.83429,3.80279,37
2024-02-21,75.65316,2.8019688888888887,1.85666,3.69094,27
2024-02-22,194.16608,3.0820012698412698,1.47638,3.89227,63
2024-02-23,124.28418,2.8246404545454546,1.36453,3.69094,44
2024-02-24,94.01845,2.5410391891891893,1.20795,3.37777,37
2024-02-25,25.90373,2.590373,1.81192,3.53436,10
2024-02-26,88.38136,3.047633103448276,1.81192,3.8699,29
2024-02-27,52.210082,2.6105041,0.984252,3.84753,20
2024-02-28,109.60987,2.810509487179487,1.74481,3.91464,39
2024-02-29,89.07478,2.783586875,1.61059,3.62384,32
2024-03-01,231.47820000000002,2.7556928571428574,1.20795,3.71331,84
2024-03-02,76.0558,2.7162785714285715,1.45401,3.73568,28
2024-03-03,52.05352,2.6026759999999998,1.43164,3.91464,20
2024-03-04,57.109,2.483,1.61059,3.5791,23
2024-03-05,71.08983,2.8435932000000004,1.76718,3.69094,25
2024-03-06,33.03955,3.0035954545454544,2.28168,3.73568,11
2024-03-07,68.22655,2.9663717391304347,1.70007,3.82516,23
2024-03-08,114.93378,2.6121313636363634,1.61059,4.02649,44
2024-03-09,174.86131,2.534221884057971,1.54349,4.04885,69
2024-03-10,148.48787000000002,2.356950317460318,1.36453,3.22119,63
2024-03-11,87.86686,2.37478,1.25268,3.69094,37
2024-03-12,132.24771,2.5930923529411767,1.76718,3.69094,51
2024-03-13,190.13959,2.7961704411764705,1.56586,3.84753,68
2024-03-14,87.37475,3.120526785714286,1.92377,3.69094,28
2024-03-15,52.00876,2.737303157894737,1.87903,4.36203,19
2024-03-16,13.421610000000001,1.9173728571428572,1.29742,3.08697,7
2024-03-17,45.45454,2.272727,1.61059,3.04223,20
2024-03-18,97.23963,2.946655454545455,1.83429,3.84753,33
2024-03-19,128.51198,2.9886506976744185,1.54349,3.5791,43
2024-03-20,115.94041,2.89851025,1.00662,4.07122,40
2024-03-21,99.99108,3.030032727272727,1.9685,3.91464,33
2024-03-22,60.26307,3.0131535,1.63296,3.71331,20
2024-03-23,110.43756,2.760939,1.56586,3.84753,40
2024-03-24,11.49785,2.8744625,2.23694,3.51199,4
2024-03-25,38.27397,2.551598,1.94613,3.48962,15
2024-03-26,2.99749,2.99749,2.99749,2.99749,1
2024-03-27,70.97799,2.6288144444444446,1.3869,3.91464,27
2024-03-28,201.39135000000002,2.7587856164383564,1.31979,3.98175,73
2024-03-29,362.40602,2.465347074829932,1.45401,3.22119,147
2024-03-30,292.59124,2.458749915966387,1.36453,3.31067,119
2024-03-31,173.36254,2.512500579710145,1.36453,3.33304,69
2024-04-01,350.86344,2.5610470072992704,1.40927,4.13833,137
2024-04-02,147.03379,2.774222452830189,1.34216,4.04885,53
2024-04-03,150.45633,2.8387986792452833,1.3869,4.1607,53
2024-04-04,75.09397,2.781258148148148,1.9685,3.2883,27
2024-04-05,49.14549,2.4572745,1.92377,3.0646,20
2024-04-06,58.182700000000004,2.644668181818182,1.31979,3.17645,22
2024-04-08,13.757150000000001,2.2928583333333337,1.85666,2.68432,6
2024-04-09,35.58965,2.9658041666666666,2.37115,3.51199,12
2024-04-10,68.87528,2.649049230769231,1.56586,3.37777,26
2024-04-11,57.80244,3.042233684210526,2.03561,3.80279,19
2024-04-12,64.0435,2.9110681818181816,2.23694,3.3554,22
2024-04-13,21.81013,2.72626625,1.52112,3.37777,8
2024-04-14,59.41303,2.7005922727272726,2.03561,3.44488,22
2024-04-15,47.78094,2.810643529411765,1.72244,3.53436,17
2024-04-16,79.03095,2.7252051724137933,1.9014,4.29492,29
2024-04-17,43.23998,2.70249875,2.10272,3.5791,16
2024-04-18,42.03204,2.6270025,1.78955,3.84753,16
2024-04-19,68.15946,2.8399775,2.03561,3.55673,24
2024-04-20,279.08019,3.0334803260869565,1.92377,3.91464,92
2024-04-21,69.83715,3.036397826086956,2.1922,3.44488,23
2024-04-22,14.00321,2.800642,1.6777,3.73568,5
2024-04-23,39.1911,3.0147,2.39352,4.1607,13
2024-04-24,98.22389,2.7284413888888888,1.45401,3.55673,36
2024-04-25,84.91412,3.144967407407407,1.58822,3.82516,27
2024-04-26,100.10292,2.7806366666666666,1.29742,4.87652,36
2024-04-27,86.32341,2.8774469999999996,1.85666,3.55673,30
2024-04-28,256.21871,2.350630366972477,1.29742,3.46725,109
2024-04-29,67.86868,2.8278616666666667,1.92377,3.55673,24
2024-04-30,85.54042,2.673138125,1.63296,3.60147,32
2024-05-01,91.55779,2.692876176470588,2.03561,3.37777,34
2024-05-02,109.5875,2.8099358974358974,1.31979,3.53436,39
2024-05-03,84.3325,3.123425925925926,2.34878,3.95938,27
2024-05-04,96.12116,2.912762424242424,2.01324,4.09359,33
2024-05-05,5.6147100000000005,2.8073550000000003,2.68432,2.93039,2
2024-05-06,139.07033,2.7814066000000004,1.74481,3.75805,50
2024-05-07,155.26575,3.044426470588235,1.45401,4.00412,51
2024-05-08,43.37421,2.710888125,1.52112,3.64621,16
2024-05-09,180.90105,2.871445238095238,1.76718,3.66858,63
2024-05-10,99.81209,3.1191278125,2.01324,3.82516,32
2024-05-11,49.61525,2.7564027777777778,2.01324,4.36203,18
2024-05-12,190.58697,2.97792140625,1.31979,3.75805,64
2024-05-13,162.44628,2.753326779661017,1.65533,3.55673,59
2024-05-14,141.15067,2.7144359615384612,1.40927,3.80279,52
2024-05-15,128.5791,2.472675,1.16321,3.40014,52
2024-05-16,196.35826,2.9307202985074627,1.9685,3.75805,67
2024-05-17,190.43039000000002,2.5733836486486488,1.36453,3.55673,74
2024-05-18,189.8264,2.3435358024691357,1.63296,3.8699,81
2024-05-19,303.66409,2.4890499180327867,1.07373,3.84753,122
2024-05-20,147.70491,2.6375876785714287,1.18558,3.55673,56
2024-05-21,110.03489,2.3920628260869568,1.52112,3.15408,46
2024-05-22,121.62225000000001,2.5877074468085106,1.76718,3.69094,47
2024-05-23,90.52881000000001,2.8290253125000002,1.43164,3.71331,32
2024-05-24,47.71386,2.98211625,1.81192,4.33966,16
2024-05-25,38.542410000000004,2.267200588235294,1.85666,2.81854,17
2024-05-26,278.0288,2.37631452991453,1.00662,4.02649,117
2024-05-27,203.47177000000002,2.481363048780488,1.74481,3.93701,82
2024-05-28,56.4379,2.565359090909091,1.87903,3.33304,22
2024-05-29,31.7645,2.647041666666667,1.83429,3.40014,12
2024-05-30,63.46186,2.6442441666666667,1.76718,3.48962,24
2024-05-31,65.2067,2.415062962962963,1.27505,3.33304,27
2024-06-01,243.40106,2.483684285714286,1.29742,3.66858,98
2024-06-02,142.53759,2.5915925454545454,1.40927,3.80279,55
2024-06-03,172.84807,2.7436201587301587,1.52112,3.53436,63
2024-06-04,131.39766,2.9863104545454546,1.78955,3.8699,44
2024-06-05,236.17575,2.952196875,1.83429,3.66858,80
2024-06-06,143.1639,2.7531519230769232,1.16321,3.5791,52
2024-06-07,245.12344000000002,2.723593777777778,1.47638,3.69094,90
2024-06-08,104.15174,2.4798033333333334,1.54349,3.42251,42
2024-06-09,87.64318,2.5040908571428573,1.72244,3.55673,35
2024-06-10,13.82427,2.304045,1.56586,3.22119,6
2024-06-11,162.80424,2.9072185714285714,1.9014,3.71331,56
2024-06-12,30.46708,2.343621538461538,1.36453,3.55673,13
2024-06-13,139.36117000000002,2.844105510204082,1.65533,3.75805,49
2024-06-14,156.42898,2.8441632727272728,1.61059,4.25018,55
2024-06-15,151.01559,2.5169265,1.3869,3.78042,60
2024-06-16,109.67697,2.492658409090909,1.83429,3.53436,44
2024-06-17,9.1267,2.281675,1.18558,3.01986,4
2024-06-18,93.03417,2.9073178125,2.32641,3.33304,32
2024-06-19,17.04545,2.840908333333333,2.23694,3.2883,6
2024-06-20,131.59896,2.6319792,1.54349,3.17645,50
2024-06-21,191.03439,2.768614347826087,1.36453,3.44488,69
2024-06-22,121.86831000000001,2.538923125,1.29742,3.46725,48
2024-06-23,84.44435,2.8148116666666665,1.87903,3.53436,30
2024-06-24,31.92108,2.280077142857143,1.70007,3.37777,14
2024-06-25,235.34811,2.835519397590361,1.83429,3.91464,83
2024-06-26,54.04437,2.5735414285714286,1.72244,3.48962,21
2024-06-27,202.77823,2.8968318571428573,1.16321,3.78042,70
2024-06-28,51.69561,2.0678244,1.14084,2.72906,25
2024-06-29,74.06499,2.7431477777777777,1.81192,3.53436,27
2024-06-30,50.01788,2.27354,1.25268,3.64621,22
2024-07-01,53.26145,2.536259523809524,1.81192,3.42251,21
2024-07-02,60.24071,2.5100295833333335,1.52112,3.53436,24
2024-07-03,171.52828,2.522474705882353,1.85666,3.42251,68
2024-07-04,117.48392,2.3976310204081632,1.52112,3.69094,49
2024-07-05,63.640840000000004,2.1213613333333337,1.16321,2.61722,30
2024-07-06,271.51929,2.4242793750000002,1.16321,3.73568,112
2024-07-07,148.86807000000002,2.4404601639344263,1.61059,3.42251,61
2024-07-08,50.73372,2.9843364705882354,2.14746,3.40014,17
2024-07-09,114.71008,2.7978068292682927,1.6777,3.26593,41
2024-07-10,220.98695,2.728233950617284,1.52112,3.60147,81
2024-07-11,258.63456,2.7514314893617025,1.20795,3.84753,94
2024-07-12,190.11723,2.6777074647887327,1.45401,3.2883,71
2024-07-13,85.22726,2.8409086666666665,1.52112,3.71331,30
2024-07-14,35.32122,2.9434349999999996,2.12509,3.84753,12
2024-07-15,4.47387,2.236935,1.76718,2.70669,2
2024-07-16,3.80279,3.80279,3.80279,3.80279,1
2024-07-21,10.71493,2.6787325,2.43826,2.93039,4
2024-07-22,2.52774,2.52774,2.52774,2.52774,1
2024-07-30,7.20293,3.601465,2.75143,4.4515,2
2024-07-31,5.99499,2.997495,2.12509,3.8699,2
2024-08-02,37.28973,1.8644865,1.29742,2.32641,20
2024-08-03,35.612,1.6958095238095239,1.27505,3.01986,21
2024-08-04,5.56997,1.3924925,1.05136,1.65533,4
2024-08-05,26.8656,1.6791,1.36453,2.14746,16
2024-08-06,17.85074,1.7850739999999998,1.23031,2.37115,10
2024-08-07,22.391750000000002,1.8659791666666667,1.0961,2.28168,12
2024-08-08,29.974960000000003,1.998330666666667,1.54349,2.37115,15
2024-08-09,30.914450000000002,2.208175,1.65533,2.95276,14
2024-08-10,45.14138,1.9626686956521737,1.3869,2.95276,23
2024-08-11,39.03454,2.1685855555555555,1.25268,2.68432,18
2024-08-12,108.51377000000001,2.260703541666667,1.63296,2.86328,48
2024-08-13,141.12831,2.3135788524590164,1.56586,2.99749,61
2024-08-14,45.4769,2.273845,1.58822,2.88565,20
2024-08-15,102.16087,2.2702415555555557,1.52112,2.97513,45
2024-08-16,65.85539,2.2708755172413793,1.70007,2.93039,29
2024-08-17,42.25574,2.347541111111111,1.65533,3.01986,18
2024-08-18,216.222273,2.350242097826087,0.961883,3.01986,92
2024-08-19,117.10364,2.4396591666666665,1.52112,3.26593,48
2024-08-20,194.05425,2.2564447674418604,1.40927,3.0646,86
2024-08-21,186.67235,2.629188028169014,1.63296,3.5791,71
2024-08-22,169.98479,2.360899861111111,1.43164,3.19882,72
2024-08-23,139.78614000000002,2.1841584375000003,1.43164,3.08697,64
2024-08-24,305.31945,2.3130261363636366,1.02899,3.33304,132
2024-08-25,179.33519,2.3911358666666667,1.43164,3.24356,75
2024-08-26,150.83662,2.2854033333333335,1.25268,3.04223,66
2024-08-27,187.99214,2.1362743181818185,1.31979,3.3554,88
2024-08-28,93.70527,2.2854943902439024,1.34216,3.19882,41
2024-08-29,236.33237,2.208713738317757,1.23031,3.22119,107
2024-08-30,99.96868,2.2720154545454547,1.34216,2.95276,44
2024-08-31,62.007870000000004,2.384918076923077,1.6777,3.13171,26
2024-09-01,123.99337,2.4312425490196077,1.47638,3.04223,51
2024-09-02,135.15568,2.4134942857142856,1.52112,3.22119,56
2024-09-03,184.23401,2.3926494805194807,1.43164,3.46725,77
2024-09-04,128.40015,2.3777805555555553,1.23031,3.40014,54
2024-09-05,41.07014,2.161586315789474,1.43164,2.7738,19
2024-09-06,118.11028,2.6843245454545457,1.85666,3.3554,44
2024-09-07,79.38889,2.6462963333333334,1.85666,3.2883,30
2024-09-08,126.25268,2.5250536,1.20795,3.69094,50
2024-09-09,121.93542000000001,2.65077,1.25268,3.89227,46
2024-09-10,61.89603,2.57900125,1.36453,3.40014,24
2024-09-11,98.11204000000001,2.5818957894736845,1.78955,3.84753,38
2024-09-12,51.11399,2.69021,2.01324,3.24356,19
2024-09-13,46.998020000000004,2.47358,1.61059,3.2883,19
2024-09-14,56.99714,2.4781365217391307,1.52112,3.40014,23
2024-09-15,179.82729,2.7665736923076922,1.70007,3.46725,65
2024-09-16,97.55281000000001,2.787223142857143,1.76718,3.46725,35
2024-09-17,37.26737,2.484491333333333,1.54349,3.08697,15
2024-09-18,73.61761,2.629200357142857,1.78955,3.48962,28
2024-09-19,65.49749,2.5191342307692306,1.65533,3.24356,26
2024-09-20,180.58789000000002,2.695341641791045,1.94613,3.80279,67
2024-09-21,103.88335000000001,2.308518888888889,1.3869,3.53436,45
2024-09-22,81.31266000000001,2.5410206250000003,1.45401,3.51199,32
2024-09-23,74.75841,2.491947,1.56586,3.37777,30
2024-09-24,25.27739,2.527739,1.6777,3.33304,10
2024-09-25,125.04472,2.7183634782608697,1.3869,3.69094,46
2024-09-26,93.52628,2.527737297297297,1.07373,3.46725,37
2024-09-27,70.70955000000001,2.6188722222222225,1.45401,3.66858,27
2024-09-28,32.65928,2.969025454545455,1.76718,3.95938,11
2024-09-29,27.44719,2.495199090909091,2.05798,3.15408,11
2024-09-30,59.569630000000004,2.836649047619048,1.58822,3.33304,21
2024-10-01,8.52273,2.1306825,1.87903,2.32641,4
2024-10-02,70.68721000000001,2.3562403333333335,1.54349,3.24356,30
2024-10-03,27.76038,2.5236709090909093,1.83429,3.3554,11
2024-10-04,116.4773,2.478240425531915,1.74481,3.46725,47
2024-10-05,103.30172,2.3477663636363637,1.52112,3.22119,44
2024-10-06,13.55584,1.9365485714285715,1.56586,2.81854,7
2024-10-07,54.335190000000004,2.469781363636364,1.85666,3.3554,22
2024-10-08,16.39674,2.3423914285714287,1.87903,2.84091,7
2024-10-09,89.38801,2.883484193548387,1.83429,3.44488,31
2024-10-10,64.06586,2.5626344,1.72244,3.37777,25
2024-10-11,86.70368,2.550108235294118,1.56586,3.40014,34
2024-10-12,55.7892,2.5358727272727273,1.52112,3.01986,22
2024-10-13,150.99318,2.6033306896551722,1.70007,3.22119,58
2024-10-14,21.16142,2.351268888888889,1.78955,2.72906,9
2024-10-15,149.04709,2.922491960784314,1.70007,3.62384,51
2024-10-16,71.69381,2.3127035483870966,1.52112,3.31067,31
2024-10-17,32.14477,2.4726746153846153,1.52112,3.24356,13
2024-10-18,150.32209,2.7837424074074075,1.49875,3.71331,54
2024-10-19,170.4322,2.748906451612903,1.61059,3.5791,62
2024-10-20,30.131520000000002,2.7392290909090913,1.40927,3.51199,11
2024-10-21,81.22314,2.6201012903225807,1.74481,3.33304,31
2024-10-22,46.84144,2.342072,1.29742,3.31067,20
2024-10-23,43.23997,2.4022205555555556,1.31979,3.5791,18
2024-10-24,36.9542,2.3096375,1.49875,3.66858,16
2024-10-25,83.90748,2.4678670588235296,1.72244,3.0646,34
2024-10-26,17.7389,2.5341285714285715,1.92377,3.08697,7
2024-10-27,80.41786,2.3652311764705884,1.16321,3.66858,34
2024-10-28,78.87438,2.3901327272727273,1.65533,3.44488,33
2024-10-29,16.62044,2.077555,1.63296,2.57248,8
2024-10-30,78.15855,2.7913767857142857,1.9014,3.62384,28
2024-10-31,271.00479,2.532755046728972,1.40927,3.73568,107
2024-11-01,126.61061000000001,2.5838900000000002,1.43164,3.69094,49
2024-11-02,131.77793,2.583880980392157,1.49875,3.53436,51
2024-11-03,147.4588,2.4993016949152542,1.47638,3.55673,59
2024-11-04,236.1981,2.8804646341463416,1.92377,3.75805,82
2024-11-05,122.44991,2.9865831707317074,1.9685,3.64621,41
2024-11-06,227.78725,2.777893292682927,1.74481,3.44488,82
2024-11-07,128.15407,2.9125924999999997,1.76718,3.69094,44
2024-11-08,147.72728,2.8966133333333333,1.65533,3.69094,51
2024-11-09,9.775400000000001,2.4438500000000003,2.01324,2.70669,4
2024-11-10,10.73729,2.6843225,1.85666,4.18307,4
2024-11-11,143.87977,2.714712641509434,1.27505,4.92126,53
2024-11-12,78.046722,2.517636193548387,0.984252,3.33304,31
2024-11-13,85.07068,2.8356893333333333,1.94613,3.78042,30
2024-11-14,25.680020000000003,2.334547272727273,1.31979,3.40014,11
2024-11-15,64.15532,2.789361739130435,1.31979,3.64621,23
2024-11-16,29.63942,2.9639420000000003,2.10272,3.95938,10
2024-11-17,26.08269,2.3711536363636365,1.47638,3.33304,11
2024-11-18,59.09988,2.954994,1.9685,3.98175,20
2024-11-19,31.65265,2.6377208333333333,1.36453,4.4515,12
2024-11-20,59.09986,2.686357272727273,1.65533,3.73568,22
2024-11-21,34.20274,2.63098,1.65533,3.33304,13
2024-11-22,67.84628000000001,2.5128251851851853,1.34216,3.64621,27
2024-11-23,95.11453,2.642070277777778,1.49875,3.5791,36
2024-11-24,268.63374,2.420123783783784,1.31979,3.44488,111
2024-11-25,75.13869,2.683524642857143,1.85666,3.95938,28
2024-11-26,30.31048,2.7554981818181816,1.92377,3.44488,11
2024-11-27,154.01311,2.1691987323943662,1.27505,3.44488,71
2024-11-28,69.56873,2.6757203846153845,1.56586,3.91464,26
2024-11-29,145.69167,2.6489394545454545,1.36453,3.95938,55
2024-11-30,34.00144,2.12509,1.72244,2.84091,16
2024-12-01,124.12763,2.256866,1.3869,3.42251,55
2024-12-02,87.08394,2.638907272727273,1.76718,3.64621,33
2024-12-03,27.64854,1.9748957142857144,1.63296,2.28168,14
2024-12-04,69.21081,2.7684324,1.47638,3.93701,25
2024-12-05,34.73961,2.171225625,1.52112,2.68432,16
2024-12-06,28.16302,2.3469183333333334,1.9685,3.31067,12
2024-12-07,37.13314,2.8563953846153844,1.56586,4.09359,13
2024-12-08,64.28955,2.922252272727273,1.78955,3.69094,22
2024-12-09,58.20509,2.771670952380952,1.63296,3.55673,21
2024-12-11,55.47601,2.641714761904762,1.40927,3.82516,21
2024-12-12,27.71565,2.5196045454545453,1.40927,3.31067,11
2024-12-13,46.48353,2.4465015789473683,1.65533,3.64621,19
2024-12-14,55.90105,2.3292104166666667,1.85666,3.15408,24
2024-12-15,135.60308,2.6077515384615384,1.74481,4.09359,52
2024-12-16,80.57446,2.3021274285714286,1.20795,3.44488,35
2024-12-17,88.69453,2.4637369444444444,1.61059,3.93701,36
2024-12-18,22.86149,2.0783172727272725,1.63296,2.57248,11
2024-12-19,114.06141000000001,2.2812282,1.54349,3.10934,50
2024-12-20,158.12902,2.3254267647058824,1.25268,3.73568,68
2024-12-21,121.62230000000001,2.482087755102041,1.40927,3.91464,49
2024-12-22,142.94024000000002,2.3823373333333335,1.31979,3.95938,60
2024-12-23,128.06461000000002,2.7840132608695654,1.85666,4.40676,46
2024-12-24,135.75969,2.610763269230769,1.72244,3.64621,52
2024-12-25,86.47997000000001,2.402221388888889,1.78955,3.15408,36
2024-12-26,421.84141,2.541213313253012,1.29742,3.80279,166
2024-12-27,233.78223,2.487045,1.70007,3.82516,94
2024-12-28,338.91817000000003,2.4208440714285717,1.29742,3.51199,140
2024-12-29,261.0281,2.439514953271028,1.18558,3.3554,107
2024-12-30,132.51609,2.4540016666666666,1.3869,3.91464,54
2024-12-31,38.45294,2.136274444444444,1.72244,3.73568,18
2025-01-01,157.05532,2.6619545762711865,1.6777,3.91464,59
2025-01-02,44.13477,2.2067385,1.63296,3.08697,20
2025-01-03,152.93933,2.38967703125,1.29742,3.62384,64
2025-01-04,55.22995,2.3012479166666666,1.29742,3.75805,24
2025-01-05,14.898,2.483,1.72244,3.26593,6
2025-01-06,31.40659,2.0937726666666667,1.52112,3.22119,15
2025-01-07,52.59039,2.504304285714286,1.54349,3.62384,21
2025-01-08,8.74642,2.186605,1.83429,2.483,4
2025-01-09,77.86776,3.1147104000000003,1.54349,4.18307,25
2025-01-10,20.445600000000002,2.2717333333333336,1.83429,2.70669,9
2025-01-11,8.858260000000001,2.2145650000000003,2.05798,2.39352,4
2025-01-12,50.040240000000004,2.2745563636363637,1.76718,3.37777,22
2025-01-13,22.100920000000002,2.0091745454545458,1.45401,2.43826,11
2025-01-14,83.72852,2.61651625,1.83429,3.60147,32
2025-01-15,7.02398,2.341326666666667,1.76718,3.26593,3
2025-01-16,108.35721,2.77839,1.40927,3.89227,39
2025-01-17,10.871500000000001,2.1743,1.6777,2.90802,5
2025-01-18,154.32622,2.3033764179104477,1.45401,3.51199,67
2025-01-19,17.94023,2.24252875,1.6777,2.88565,8
2025-01-20,83.88509400000001,2.396716971428572,0.917144,3.71331,35
2025-01-21,85.42861,2.5126061764705883,1.47638,3.64621,34
2025-01-22,23.08519,2.308519,1.52112,2.7738,10
2025-01-23,28.67752,2.3897933333333334,1.58822,3.19882,12
2025-01-24,64.46848,2.5787392,1.61059,3.69094,25
2025-01-25,6.66607,2.2220233333333335,2.01324,2.46063,3
2025-01-26,14.18216,2.3636933333333334,1.99087,2.81854,6
2025-01-27,67.89103,2.6111934615384618,1.49875,3.37777,26
2025-01-28,74.64658,2.9858632,1.83429,3.5791,25
2025-01-29,21.60879,3.08697,2.32641,3.82516,7
2025-01-30,53.21674,2.800881052631579,1.76718,3.66858,19
2025-01-31,47.06513,2.477112105263158,1.63296,3.22119,19
2025-02-01,13.13082,2.18847,1.40927,3.33304,6
2025-02-02,3.89227,1.946135,1.65533,2.23694,2
2025-02-03,80.8205,2.525640625,1.63296,3.22119,32
2025-02-04,33.41983,2.7849858333333333,1.92377,3.69094,12
2025-02-05,3.71331,1.856655,1.63296,2.08035,2
2025-02-06,33.64352,2.587963076923077,1.94613,3.55673,13
2025-02-07,142.94023,2.8027496078431375,1.83429,3.66858,51
2025-02-08,115.58247,2.5126623913043478,1.34216,3.42251,46
2025-02-09,62.544760000000004,2.5017904,1.65533,3.95938,25
2025-02-10,51.22585,2.4393261904761907,1.65533,3.42251,21
2025-02-11,34.51591,2.65507,1.58822,3.3554,13
2025-02-12,16.57569,2.3679557142857144,2.01324,2.90802,7
2025-02-13,16.66517,2.777528333333333,1.9685,3.64621,6
2025-02-14,43.5979,2.4221055555555555,1.92377,3.48962,18
2025-02-15,22.23516,2.4705733333333333,1.43164,3.51199,9
2025-02-16,56.61688,2.46160347826087,1.58822,3.44488,23
2025-02-17,15.03221,3.006442,2.39352,3.51199,5
2025-02-18,23.554940000000002,2.355494,1.78955,2.95276,10
2025-02-19,18.00734,2.0008155555555556,1.31979,2.483,9
2025-02-20,23.71154,2.6346155555555555,1.83429,3.5791,9
2025-02-21,63.86453,2.776718695652174,1.85666,3.91464,23
2025-02-22,75.5637,2.605644827586207,1.54349,4.1607,29
2025-02-23,46.25986,2.312993,1.3869,3.26593,20
2025-02-24,63.03687,2.5214748,1.74481,3.55673,25
2025-02-25,63.90928,2.6628866666666666,1.92377,3.26593,24
2025-02-26,92.16179,2.4253102631578947,1.83429,3.17645,38
2025-02-27,90.81963,2.3287084615384614,1.65533,3.3554,39
2025-02-28,106.23208,2.3093930434782606,1.52112,3.53436,46
2025-03-01,39.72798,1.986399,1.56586,2.81854,20
2025-03-02,77.35325,2.210092857142857,1.11847,2.90802,35
2025-03-03,15.14404,2.1634342857142856,1.61059,2.63958,7
2025-03-04,19.729770000000002,2.192196666666667,1.58822,2.86328,9
2025-03-05,34.38174,2.292116,1.16321,3.19882,15
2025-03-06,50.935050000000004,2.8297250000000003,2.10272,3.31067,18
2025-03-07,40.0859,2.50536875,1.43164,3.33304,16
2025-03-08,15.61381,2.2305442857142856,1.83429,2.43826,7
2025-03-09,24.06943,2.18813,1.58822,2.7738,11
2025-03-10,55.27469,2.403247391304348,1.49875,3.19882,23
2025-03-11,62.36577,2.7115552173913042,2.03561,3.37777,23
2025-03-12,19.72979,2.46622375,1.6777,3.3554,8
2025-03-13,79.47831000000001,2.5638164516129036,1.76718,3.3554,31
2025-03-14,220.29349000000002,2.3944944565217394,1.56586,3.66858,92
2025-03-15,137.03468,2.0762830303030304,1.31979,2.86328,66
2025-03-16,93.14605,2.32865125,1.36453,3.75805,40
2025-03-17,163.05028,2.5880996825396823,1.36453,3.8699,63
2025-03-18,73.55046,2.626802142857143,1.43164,3.26593,28
2025-03-19,172.64678,2.6976059375,1.87903,3.80279,64
2025-03-20,78.58357,2.5349538709677417,1.58822,3.37777,31
2025-03-21,189.20008,2.702858285714286,1.45401,3.71331,70
2025-03-22,66.54886,2.5595715384615385,1.56586,3.60147,26
2025-03-23,102.09382000000001,2.5523455000000004,1.72244,3.66858,40
2025-03-24,31.36184,2.0907893333333334,1.58822,2.88565,15
2025-03-25,30.44471,2.7677009090909093,1.56586,3.40014,11
2025-03-26,38.02793,2.376745625,1.78955,3.66858,16
2025-03-27,44.64924,2.480513333333333,1.61059,3.82516,18
2025-03-28,76.83877,2.84588037037037,1.65533,3.8699,27
